cdec_station_id,fit_from,fit_through,n_pairs,fitted_on
ANT,2024-09-25,2026-09-20,396,2026-09-24
BER,2024-09-25,2026-09-18,254,2026-09-24
BLB,2024-09-23,2026-09-18,343,2026-09-24
BRD,2024-09-25,2026-09-22,470,2026-09-24
BUC,2024-09-27,2026-09-22,472,2026-09-24
BUL,2024-09-25,2026-09-19,291,2026-09-24
CCH,2024-09-27,2026-09-22,400,2026-09-24
CLE,2024-09-26,2026-09-23,198,2026-09-24
CMN,2024-09-25,2026-09-19,291,2026-09-24
COY,2024-09-23,2026-09-18,244,2026-09-24
DAV,2024-09-25,2026-09-20,279,2026-09-24
DNP,2024-09-25,2026-09-22,444,2026-09-24
DON,2024-09-25,2026-09-22,591,2026-09-24
ENG,2024-09-25,2026-09-19,311,2026-09-24
EXC,2024-09-27,2026-09-22,474,2026-09-24
FOL,2024-09-25,2026-09-18,213,2026-09-24
FRD,2024-09-23,2026-09-22,641,2026-09-24
HID,2024-09-27,2026-09-22,367,2026-09-24
INV,2024-09-23,2026-09-18,332,2026-09-24
ISB,2024-09-23,2026-09-22,496,2026-09-24
KES,2024-09-23,2026-09-23,449,2026-09-24
LBS,2024-09-25,2026-07-27,453,2026-09-24
LEW,2024-09-23,2026-09-23,257,2026-09-24
MIL,2024-09-27,2026-09-22,233,2026-09-24
NAT,2024-09-25,2026-09-19,342,2026-09-24
NHG,2024-09-25,2026-09-22,321,2026-09-24
NML,2024-09-25,2026-09-22,391,2026-09-24
ORO,2024-09-25,2026-09-19,250,2026-09-24
PAR,2024-12-31,2026-09-22,302,2026-09-24
PNF,2024-09-23,2026-09-22,361,2026-09-24
PRR,2024-09-23,2026-09-20,299,2026-09-24
PYM,2024-09-24,2026-09-22,296,2026-09-24
SHA,2024-09-23,2026-09-23,364,2026-09-24
SNL,2024-09-25,2026-09-22,435,2026-09-24
STP,2024-09-25,2026-09-22,345,2026-09-24
UNV,2024-09-25,2026-09-22,348,2026-09-24
WHI,2024-09-23,2026-09-23,263,2026-09-24
WRS,2024-09-23,2026-09-18,301,2026-09-24
