area_m2,volume_af
380405.7352068732,7664.0
1279824.3720169067,7664.0
1443682.896885353,7751.0
1464351.6266205732,7900.396825396825
1519978.286670969,7900.396825396825
1520980.651907469,7900.396825396825
1560561.4949742637,7900.396825396825
1576364.128232829,7900.396825396825
1597355.3884697112,7900.396825396825
1621791.7260505825,7900.396825396825
1626078.0861057353,7900.396825396825
1631308.9459683287,7900.396825396825
1638186.5182329956,7900.396825396825
1638197.7503199857,7900.396825396825
1640028.3903644944,7900.396825396825
1642926.2972567095,7900.396825396825
1644703.8741026327,7900.396825396825
1649736.221620537,7900.396825396825
1650085.7123216218,7900.396825396825
1657743.6634516695,7900.396825396825
1657910.3623311368,7900.396825396825
1658141.7243815996,7900.396825396825
1658960.312324794,7900.396825396825
1661031.607710566,7900.396825396825
1662986.9117233574,7900.396825396825
1666539.199203222,7900.396825396825
1667927.9598743208,7900.396825396825
1674077.2798128608,7900.396825396825
1674465.291435871,7900.396825396825
1674958.7374786672,7900.396825396825
1675684.2431312406,7900.396825396825
1680526.7202111026,7900.396825396825
1680604.467711205,7900.396825396825
1681538.4471205468,7900.396825396825
1683467.5981392658,7900.396825396825
1686354.85713103,7900.396825396825
1687013.963565183,7900.396825396825
1694264.327874696,7900.396825396825
1696152.6329797476,7900.396825396825
1696618.6756754268,7900.396825396825
1696746.9134937066,7900.396825396825
1698681.525138077,7900.396825396825
1699888.6121225995,7900.396825396825
1701160.581418505,7900.396825396825
1703683.0321810257,7900.396825396825
1703979.6268309643,7900.396825396825
1704047.35354303,7900.396825396825
1704673.2690201995,7900.396825396825
1707256.2757369997,7900.396825396825
1708769.3458784823,7900.396825396825
1708887.9225106935,7900.396825396825
1709275.0322789808,7900.396825396825
1712096.6692281985,7900.396825396825
1713467.2125505933,7900.396825396825
1714181.1382230574,7900.396825396825
1714373.0702740843,7900.396825396825
1714391.8197735352,7900.396825396825
1714717.7785736085,7900.396825396825
1715316.745836355,7900.396825396825
1715368.279623802,7900.396825396825
1716186.261883933,7900.396825396825
1716188.5020325305,7900.396825396825
1717557.4560859832,7900.396825396825
1718109.6716100054,7900.396825396825
1719115.4251305074,7900.396825396825
1719197.9529582008,7900.396825396825
1720487.7770288505,7930.351351351352
1724245.844184487,7930.351351351352
1725240.9092974197,7930.351351351352
1725642.587955519,7930.351351351352
1726184.9540361904,7930.351351351352
1727113.1013671567,7930.351351351352
1727778.1958802466,7930.351351351352
1728706.484098966,7930.351351351352
1729138.176152249,7930.351351351352
1730094.1126215314,7930.351351351352
1730456.233322473,7930.351351351352
1730877.1261422844,7930.351351351352
1731883.7299942016,7930.351351351352
1732291.7516768817,7930.351351351352
1732535.2080134663,7930.351351351352
1733929.077148318,7930.351351351352
1734224.9152519673,7930.351351351352
1735526.9294105382,7930.351351351352
1735806.7821262735,7930.351351351352
1740062.2868770526,7930.351351351352
1741348.207714365,7930.351351351352
1741485.5791894651,7930.351351351352
1741590.7445430974,7930.351351351352
1742756.908581632,7930.351351351352
1743128.0103347483,7930.351351351352
1744143.3265326717,7930.351351351352
1744321.650605895,7930.351351351352
1744618.5410937436,7930.351351351352
1744891.120181783,7930.351351351352
1745300.0154472797,7930.351351351352
1745438.0802953383,7930.351351351352
1745821.2877245715,7930.351351351352
1746097.7887218704,7930.351351351352
1748034.011198306,7930.351351351352
1748369.5513609047,7930.351351351352
1749071.22001283,7930.351351351352
1749687.4684984104,7930.351351351352
1751518.4036695897,7958.468468468468
1752360.9677443265,7958.468468468468
1752705.64524189,7958.468468468468
1753805.7585441745,7958.468468468468
1754199.3703114225,7958.468468468468
1755366.514860175,7958.468468468468
1755729.6882422953,7958.468468468468
1757117.1314022883,7958.468468468468
1760023.241449543,7958.468468468468
1760364.4720543944,7958.468468468468
1761716.0636235855,7958.468468468468
1762042.4321865006,7958.468468468468
1762153.0549100686,7958.468468468468
1762502.8667606425,7958.468468468468
1762835.6731383095,7958.468468468468
1766166.2264422849,7958.468468468468
1767022.7590342802,7958.468468468468
1770208.4196754007,7958.468468468468
1771147.9873608153,7958.468468468468
1771282.5820305916,7958.468468468468
1773179.9754526478,7958.468468468468
1773311.6434184047,7958.468468468468
1773978.7507454064,7958.468468468468
1774725.5484539857,7958.468468468468
1776734.1688444251,7958.468468468468
1777683.3404145478,7958.468468468468
1777846.7860889814,7958.468468468468
1780376.0769804113,7958.468468468468
1780461.1552877089,7958.468468468468
1781696.4118909948,7958.468468468468
1783078.5206277585,7958.468468468468
1783773.6126866655,7958.468468468468
1784034.8311657475,7958.468468468468
1784751.2900492942,7958.468468468468
1785262.799585799,7958.468468468468
1785579.7439448335,7958.468468468468
1785741.5491891308,7958.468468468468
1785794.2165161134,7958.468468468468
1787874.0324662146,7958.468468468468
1787992.263769382,7958.468468468468
1788089.678101783,7958.468468468468
1788264.0516591698,7958.468468468468
1788421.135366971,7958.468468468468
1788503.4063354193,7958.468468468468
1788608.7038382737,7958.468468468468
1788683.6773415958,7958.468468468468
1788787.745876118,7958.468468468468
1788993.8084803864,7958.468468468468
1789054.2365252627,7958.468468468468
1789139.1242027434,7958.468468468468
1789812.883266494,7958.468468468468
1790056.0632551904,7958.468468468468
1790207.7280784156,7958.468468468468
1791334.856257748,7958.468468468468
1791952.5412736477,7958.468468468468
1793915.4811142867,7958.468468468468
1794445.0550029983,7958.468468468468
1796244.3645489262,7958.468468468468
1797302.955175273,7958.468468468468
1797764.8503511616,7958.468468468468
1797960.1465093873,7958.468468468468
1798586.8812790806,7958.468468468468
1801440.8717796176,7958.468468468468
1801825.231145732,7958.468468468468
1801842.276278627,7958.468468468468
1802201.990586884,7958.468468468468
1803122.3815134391,7958.468468468468
1804865.7545690483,7958.468468468468
1805421.8997002104,7958.468468468468
1805481.8776172115,7958.468468468468
1807094.7891551,7958.468468468468
1807326.562610042,7958.468468468468
1809056.5842137053,7958.468468468468
1809602.5785508703,7958.468468468468
1812705.332158137,7958.468468468468
1813470.1475701723,7958.468468468468
1814444.2991774303,7958.468468468468
1815199.569459683,7958.468468468468
1816628.264640988,7958.468468468468
1816723.475676952,7958.468468468468
1818539.1520285816,7958.468468468468
1818647.9310198915,7958.468468468468
1819154.8610916736,7958.468468468468
1819236.8049167409,7958.468468468468
1819494.351956417,7958.468468468468
1821263.507251007,7958.468468468468
1821831.751664285,7958.468468468468
1822020.5736207853,7958.468468468468
1822828.799526709,7958.468468468468
1822921.8065956864,7958.468468468468
1822987.0057438568,7958.468468468468
1823206.8260903172,7958.468468468468
1823761.8748771823,7958.468468468468
1824340.6332352883,7958.468468468468
1825194.676276712,7958.468468468468
1825238.6968054988,7958.468468468468
1826202.625176942,7958.468468468468
1826757.038771805,7958.468468468468
1826830.1303109864,7958.468468468468
1827474.810776056,7958.468468468468
1827640.9657187967,7958.468468468468
1827802.6859746,7958.468468468468
1828767.6630432436,7958.468468468468
1828935.244511951,7958.468468468468
1828970.5089897003,7958.468468468468
1829525.1582250856,7958.468468468468
1831206.2803294463,7958.468468468468
1831384.3695392983,7958.468468468468
1832120.743604923,7958.468468468468
1832138.8534419336,7958.468468468468
1832837.9786967856,7958.468468468468
1833021.5138219493,7958.468468468468
1834171.882395726,7958.468468468468
1835230.3386015045,7958.468468468468
1835745.42991321,7958.468468468468
1838141.9255011464,7958.468468468468
1838225.6496039296,7958.468468468468
1838882.858418633,7958.468468468468
1839250.6117144416,7958.468468468468
1839283.24828569,7958.468468468468
1839886.0616742005,7958.468468468468
1840697.400763329,7958.468468468468
1841062.1242542048,7958.468468468468
1841397.8345949668,7958.468468468468
1841661.8574512848,7958.468468468468
1841973.0951304417,7958.468468468468
1842974.658614664,7958.468468468468
1842978.818198349,7958.468468468468
1843443.147602664,7958.468468468468
1844003.5495796064,7958.468468468468
1846118.554101353,7958.468468468468
1846778.352131264,7958.468468468468
1847429.943162058,7958.468468468468
1847814.018251936,7958.468468468468
1850328.290117391,7958.468468468468
1850553.9383241243,7958.468468468468
1851219.7802633247,7958.468468468468
1851777.0763093235,7958.468468468468
1853358.989106272,7958.468468468468
1853806.798492791,7958.468468468468
1854016.379679512,7958.468468468468
1855393.9578591736,7958.468468468468
1856610.7918796616,7958.468468468468
1857009.8435536404,7958.468468468468
1857579.730932198,7958.468468468468
1857584.2788257676,7958.468468468468
1860777.5219007009,7958.468468468468
1861708.4146569043,7958.468468468468
1862600.9540640144,7958.468468468468
1863183.67008661,7958.468468468468
1864704.7727847232,7958.468468468468
1865866.2809061983,7958.468468468468
1867204.5751726336,7958.468468468468
1867694.3036659989,7958.468468468468
1868033.6128818288,7958.468468468468
1869907.5439331955,7958.468468468468
1870971.083825715,7958.468468468468
1871341.167652115,7958.468468468468
1872496.3294183768,7958.468468468468
1873203.4304418536,7958.468468468468
1873258.5399517585,7958.468468468468
1875034.3502060536,7958.468468468468
1875956.71846122,7958.468468468468
1876235.4265017032,7958.468468468468
1878431.382916918,7958.468468468468
1879385.2407346831,7958.468468468468
1880440.1776602063,7958.468468468468
1881318.345110396,7958.468468468468
1882940.0124499751,7958.468468468468
1884203.0924458215,7958.468468468468
1885571.956710965,7958.468468468468
1886234.2809321391,7958.468468468468
1888275.8592097864,7958.468468468468
1889449.622225085,7958.468468468468
1890489.0131049072,7958.468468468468
1892641.23785544,7958.468468468468
1893605.541477846,7958.468468468468
1893909.7385156965,7958.468468468468
1894611.435777164,7958.468468468468
1894740.929176211,7958.468468468468
1896238.0823387888,7958.468468468468
1898459.3847163485,7958.468468468468
1900742.269744694,7958.468468468468
1902950.3810155827,7958.468468468468
1904109.461692271,7958.468468468468
1906484.5029031788,7958.468468468468
1907587.9583560412,7958.468468468468
1908832.2069681208,7958.468468468468
1909595.67823591,7958.468468468468
1909949.6009193277,7958.468468468468
1911966.5034430104,7958.468468468468
1912930.0500798544,7958.468468468468
1913026.8026088933,7958.468468468468
1915418.5536029,7958.468468468468
1915566.8429840684,7958.468468468468
1921511.514083384,7958.468468468468
1922403.855108164,7958.468468468468
1924696.6506833844,7958.468468468468
1929321.5698005827,7958.468468468468
1929770.3304769483,7958.468468468468
1930218.231546708,7958.468468468468
1930702.691182664,7958.468468468468
1933469.1275405288,7958.468468468468
1934293.1112185009,7958.468468468468
1944099.063352787,7958.468468468468
1944144.4629479805,7958.468468468468
1944180.373807181,7958.468468468468
1944456.9849522912,7958.468468468468
1945372.326409493,7958.468468468468
1952144.830559466,7958.468468468468
1952427.4180089007,7958.468468468468
1955989.176878985,7958.468468468468
1958272.104643848,7958.468468468468
1960129.196512469,7958.468468468468
1960167.6651843216,7958.468468468468
1961322.6607034423,7958.468468468468
1964421.3977992928,7958.468468468468
1966882.4043857343,7958.468468468468
1972073.709328355,7958.468468468468
1972848.702520393,7958.468468468468
1973305.0922379736,7958.468468468468
1974293.5850744213,7958.468468468468
1978880.7117564783,7997.8125
1983062.907391177,7997.8125
1990061.6711853629,7997.8125
1996430.707396353,7997.8125
2005673.6494196572,7997.8125
2009442.4472896208,7997.8125
2009627.4896461929,7997.8125
2012653.884831149,7997.8125
2033841.2839779728,7997.8125
2046957.643541224,7997.8125
2056470.521132077,7997.8125
2060585.893604535,7997.8125
2068214.3365615543,7997.8125
2093098.1509357232,7997.8125
2107360.18290908,7997.8125
2136065.644686949,7997.8125
2142645.056559454,8167.0
