kind,cdec_station_id,orbit_pass,relative_orbit,band,threshold_db,area_ratio_calibration_error,area_ratio_validation_error,calibration_iou,validation_iou,n_calibration_pairs,n_validation_pairs,calibrated_at
geometry,WHI,DESCENDING,115.0,VH,-23.5,0.3032933403870783,0.03680659117392533,0.8928869959797795,0.8920749814402376,35,15,2026-09-23T21:35:18.084805+00:00
geometry,TRM,ASCENDING,137.0,VV,-19.5,0.25548622338883425,0.4937345947028301,0.7938468178984222,0.7529342091095079,49,21,2026-09-23T21:39:38.864184+00:00
geometry,TRM,ASCENDING,64.0,VH,-25.0,0.3604350297147339,0.17160613136160457,0.704287598944591,0.7751133548356939,48,21,2026-09-23T21:39:40.351614+00:00
geometry,TRM,DESCENDING,144.0,VV,-17.5,0.2606886125892353,0.2508629313848638,0.7302941933270435,0.7078907060625524,50,22,2026-09-23T21:40:23.361965+00:00
geometry,PYM,DESCENDING,144.0,VH,-24.0,0.1325367485691329,0.21087172512300167,0.7894212703920824,0.8046478735856418,65,28,2026-09-23T21:42:10.239462+00:00
geometry,WHI,ASCENDING,35.0,VV,-17.0,0.1952536793917555,0.1520307057909975,0.8807098329677013,0.9055952797639882,65,28,2026-09-23T21:45:06.778404+00:00
geometry,PYM,DESCENDING,71.0,VH,-25.0,0.2144393177222826,0.1850803943186312,0.8373621760169697,0.8521412702060829,62,27,2026-09-23T22:05:55.370006+00:00
geometry,PYM,ASCENDING,137.0,VH,-25.0,0.21015058340722736,0.061111131604081846,0.8592286026326378,0.874463208367363,59,26,2026-09-23T22:09:22.230674+00:00
geometry,PYM,ASCENDING,64.0,VH,-24.0,0.20830750459908934,0.22863218331974802,0.8149833354187758,0.8091893319250066,60,26,2026-09-23T22:09:50.895196+00:00
geometry,HID,ASCENDING,137.0,VV,-18.5,0.1689819863559181,0.3861246550197936,0.759117722492947,0.7467337264423632,50,22,2026-09-23T22:14:24.503965+00:00
geometry,HID,DESCENDING,42.0,VV,-17.5,0.2449908898844287,0.0986044248665452,0.6928740525161262,0.7266201804757998,57,24,2026-09-23T22:14:29.103239+00:00
geometry,HID,DESCENDING,144.0,VV,-20.0,0.08027605034833694,0.11660351965379524,0.8458238770980373,0.8210858664025259,53,22,2026-09-23T22:16:58.813879+00:00
geometry,CAS,DESCENDING,71.0,VV,-19.5,0.17290443903733774,0.21498791827179622,0.8375946510887471,0.8141915669588585,53,23,2026-09-23T22:52:10.747590+00:00
geometry,CAS,ASCENDING,137.0,VV,-19.0,0.16802949635074446,0.18662756317005383,0.8472074814265975,0.8184238800392395,37,16,2026-09-23T22:54:16.537940+00:00
geometry,CAS,ASCENDING,64.0,VH,-25.0,0.17501909020149936,0.2791927815064968,0.7798667096635494,0.7882747841238117,67,28,2026-09-23T22:56:13.009725+00:00
geometry,CAS,DESCENDING,144.0,VH,-25.0,0.21212703747624034,0.2208092255387536,0.7847907659678603,0.7706197798025817,69,30,2026-09-23T22:56:27.878965+00:00
geometry,MIL,DESCENDING,144.0,VV,-18.5,0.047025301190322936,0.042278750126544286,0.8860731792717087,0.90004995004995,32,14,2026-09-23T23:00:21.082575+00:00
geometry,MIL,ASCENDING,137.0,VV,-17.5,0.2116127848060442,0.1880837378083145,0.846944657955419,0.8465851814516129,53,22,2026-09-23T23:06:35.333671+00:00
seasonal,STP,,,VH,-25.0,0.073777548062466,0.038460952939230374,0.824027609364798,0.8194313885233231,72,31,2026-09-23T23:33:16.654427+00:00
