reservoir_name,cdec_station_id,aoi_geojson_path,capacity_curve_path,capacity_af,dam_lat,dam_lon,county,operator_agency,aoi_source,needs_review
SHASTA DAM  (USBR),SHA,aoi_polygons/SHA.geojson,,4552000,40.717999,-122.419998,SHASTA,US Bureau of Reclamation,osm_name_matched_union,
OROVILLE DAM,ORO,aoi_polygons/ORO.geojson,,3424753,39.540001,-121.492996,BUTTE,CA Dept of Water Resources/O&M Oroville Field Division,osm_name_matched_union,
TRINITY LAKE,CLE,aoi_polygons/CLE.geojson,,2447650,40.800999,-122.762001,TRINITY,US Bureau of Reclamation,osm_name_matched_union,
NEW MELONES RESERVOIR,NML,aoi_polygons/NML.geojson,,2400000,37.948101,-120.525002,CALAVERAS,US Bureau of Reclamation,osm_name_matched_union,
SAN LUIS RESERVOIR,SNL,aoi_polygons/SNL.geojson,,2041000,37.033001,-121.133003,MERCED,CA Dept of Water Resources/O&M San Luis Field Division,osm_name_matched_union,
DON PEDRO RESERVOIR,DNP,aoi_polygons/DNP.geojson,,2030000,37.702,-120.420998,TUOLUMNE,USGS/USACE,manual_user_review,
BERRYESSA,BER,aoi_polygons/BER.geojson,,1602000,38.513,-122.103996,NAPA,US Bureau of Reclamation,osm_name_matched_union,
NEW EXCHEQUER-LK MCCLURE,EXC,aoi_polygons/EXC.geojson,,1024600,37.584999,-120.269997,MARIPOSA,Merced Irrigation District,manual_user_review,
PINE FLAT DAM,PNF,aoi_polygons/PNF.geojson,,1000000,36.833,-119.324997,FRESNO,US Army Corps of Engineers,osm_name_matched,
FOLSOM LAKE,FOL,aoi_polygons/FOL.geojson,,977000,38.682999,-121.182999,SACRAMENTO,US Bureau of Reclamation,osm_name_matched,
NEW BULLARDS BAR,BUL,aoi_polygons/BUL.geojson,,966000,39.393002,-121.139999,YUBA,Yuba Water Agency,osm_name_matched,
ISABELLA DAM,ISB,aoi_polygons/ISB.geojson,,568000,35.646,-118.473,KERN,US Army Corps of Engineers,osm_name_matched,
FRIANT DAM (MILLERTON),MIL,aoi_polygons/MIL.geojson,,520500,37.000999,-119.705002,FRESNO,US Bureau of Reclamation,osm_name_matched,
CAMANCHE RESERVOIR,CMN,aoi_polygons/CMN.geojson,,417120,38.224998,-121.021004,SAN JOAQUIN,East Bay Municipal Utility District,manual_user_review,
WARM SPRINGS (LAKE SONOMA),WRS,aoi_polygons/WRS.geojson,,381000,38.723,-123.010002,SONOMA,US Army Corps of Engineers,osm_name_matched,
HETCH HETCHY,HTH,aoi_polygons/HTH.geojson,,360000,37.950001,-119.782997,TUOLUMNE,Hetch Hetchy Water and Power,osm_name_matched,
CASTAIC,CAS,aoi_polygons/CAS.geojson,,325000,34.515202,-118.6101,LOS ANGELES,CA Dept of Water Resources/O&M Southern Field Division,manual_user_review,
NEW HOGAN LAKE,NHG,aoi_polygons/NHG.geojson,,317000,38.152,-120.811996,CALAVERAS,US Army Corps of Engineers,osm_name_matched,
INDIAN VALLEY,INV,aoi_polygons/INV.geojson,,300000,39.083,-122.532997,LAKE,Yolo County Flood Control and Water Consv Dist,osm_name_matched,
CHERRY VALLEY DAM,CHV,aoi_polygons/CHV.geojson,,273500,37.966999,-119.917,TUOLUMNE,Hetch Hetchy Water and Power,osm_name_matched,
UNION VALLEY,UNV,aoi_polygons/UNV.geojson,,266369,38.863998,-120.438004,EL DORADO,Sacramento Municipal Utility District,osm_name_matched,
WHISKEYTOWN DAM (USBR),WHI,aoi_polygons/WHI.geojson,,241100,40.598,-122.537003,SHASTA,US Bureau of Reclamation,osm_name_matched,
STAMPEDE,STP,aoi_polygons/STP.geojson,,226500,39.471001,-120.102997,SIERRA,US Geological Survey,osm_name_matched,
PARDEE,PAR,aoi_polygons/PAR.geojson,,203795,38.25,-120.849998,CALAVERAS,East Bay Municipal Utility District,manual_user_review,
CACHUMA LAKE (BRADBURY DAM),CCH,aoi_polygons/CCH.geojson,,193305,34.583,-119.980003,SANTA BARBARA,US Bureau of Reclamation,osm_name_matched,
TERMINUS DAM,TRM,aoi_polygons/TRM.geojson,,185600,36.415001,-119.001999,TULARE,US Army Corps of Engineers,osm_name_matched,
PYRAMID,PYM,aoi_polygons/PYM.geojson,,180000,34.644154,-118.764526,LOS ANGELES,CA Dept of Water Resources/O&M Southern Field Division,osm_partial_manual_buffer,
BUCHANAN DAM,BUC,aoi_polygons/BUC.geojson,,150000,37.213001,-119.970001,MADERA,US Army Corps of Engineers,osm_name_matched,
BLACK BUTTE,BLB,aoi_polygons/BLB.geojson,,143700,39.807999,-122.329002,TEHAMA,US Army Corps of Engineers,osm_name_matched,
PERRIS,PRR,aoi_polygons/PRR.geojson,,131452,33.858002,-117.182999,RIVERSIDE,CA Dept of Water Resources/O&M Southern Field Division,osm_name_matched,
COYOTE (LAKE MENDOCINO),COY,aoi_polygons/COY.geojson,,122400,39.196999,-123.185997,MENDOCINO,US Army Corps of Engineers,osm_name_matched,
BEARDSLEY LAKE,BRD,aoi_polygons/BRD.geojson,,97800,38.202999,-120.074997,TUOLUMNE,Oakdale South San Joaquin Irrigation District,osm_partial_manual_buffer,
HIDDEN DAM (HENSLEY),HID,aoi_polygons/HID.geojson,,90000,37.109558,-119.885254,MADERA,US Army Corps of Engineers,osm_name_matched,
LAKE DAVIS (DWR),DAV,aoi_polygons/DAV.geojson,,83000,39.882999,-120.467003,PLUMAS,CA Dept of Water Resources/O&M Oroville Field Division,osm_name_matched,
SUCCESS DAM,SCC,aoi_polygons/SCC.geojson,,82300,36.056667,-118.924164,TULARE,US Army Corps of Engineers,osm_name_matched,
ENGLEBRIGHT (USACE),ENG,aoi_polygons/ENG.geojson,,70000,39.238998,-121.266998,NEVADA,US Army Corps of Engineers,osm_name_matched_verified_no_change,
LOON LAKE (SMUD),LON,aoi_polygons/LON.geojson,,69306,38.983002,-120.322998,EL DORADO,Sacramento Municipal Utility District,osm_name_matched,
TULLOCH,TUL,aoi_polygons/TUL.geojson,,67000,37.875,-120.602997,CALAVERAS,US Bureau of Reclamation,manual_user_review,
DONNELLS,DON,aoi_polygons/DON.geojson,,64320,38.328999,-119.959999,TUOLUMNE,US Bureau of Reclamation,osm_name_matched,
FRENCHMAN DAM,FRD,aoi_polygons/FRD.geojson,,55477,39.882999,-120.182999,PLUMAS,CA Dept of Water Resources/O&M Oroville Field Division,osm_name_matched,
ICE HOUSE (SMUD),ICH,aoi_polygons/ICH.geojson,,43496,38.824001,-120.359001,EL DORADO,Sacramento Municipal Utility District,osm_name_matched,
LOS BANOS DAM,LBS,aoi_polygons/LBS.geojson,,34600,36.993999,-120.93,MERCED,CA Dept of Water Resources/O&M San Luis Field Division,osm_name_matched,
KESWICK RESERVOIR,KES,aoi_polygons/KES.geojson,,23772,40.612103,-122.445702,SHASTA,US Bureau of Reclamation,manual_user_review,
ANTELOPE LAKE,ANT,aoi_polygons/ANT.geojson,,22566,40.18,-120.607002,PLUMAS,CA Dept of Water Resources/O&M Oroville Field Division,osm_name_matched,
INDEPENDENCE LAKE NEAR TRUCKEE,INP,aoi_polygons/INP.geojson,,17295,39.452,-120.290001,SIERRA,US Geological Survey,osm_name_matched,
LEWISTON,LEW,aoi_polygons/LEW.geojson,,14660,40.727001,-122.792999,TRINITY,US Bureau of Reclamation,manual_user_review,
DONNER LAKE,DNN,aoi_polygons/DNN.geojson,,9700,39.322777,-120.264397,NEVADA,US Geological Survey,osm_name_matched,
LAKE NATOMA  (NIMBUS DAM),NAT,aoi_polygons/NAT.geojson,,9000,38.636147,-121.220039,SACRAMENTO,US Bureau of Reclamation,manual_user_review,
