cdec_station_id,orbit_pass,relative_orbit,band,threshold_db,area_ratio_calibration_error,area_ratio_validation_error,calibration_iou,validation_iou,n_calibration_pairs,n_validation_pairs,calibrated_at
SHA,,,VH,-23.5,0.0509992107062154,0.0527526790654489,0.8534009605018132,0.8358553922637477,132,56,2026-09-18T08:36:10.546025+00:00
CLE,,,VV,-17.5,0.0297874606913739,0.0548731383968803,0.9098994746204444,0.8931496364332185,64,27,2026-09-17T21:58:52.272941+00:00
SNL,,,VH,-25.0,0.0838461546552684,0.0941631171251565,0.8615296483737492,0.8490209701251553,148,64,2026-09-17T22:32:28.978606+00:00
BER,,,VH,-24.0,0.0318560404180182,0.0310994126355021,0.9196426673845436,0.9057303484945982,87,37,2026-09-18T00:44:28.145835+00:00
PNF,,,VH,-25.0,0.0825466603958886,0.133269873887695,0.8334854625336205,0.8421400799222378,144,62,2026-09-18T00:09:46.799965+00:00
MIL,,,VV,-18.0,0.1200334343117737,0.234850435044221,0.8554457473500947,0.8640851184106922,83,35,2026-09-18T01:51:53.036032+00:00
ISB,,,VH,-25.0,0.1402170202681255,0.1395324797333401,0.7874425738387553,0.7857410179640718,182,78,2026-09-18T02:14:42.637367+00:00
WRS,,,VH,-23.0,0.0566084635732247,0.0917115783858585,0.8202333742261276,0.8128580946035976,56,24,2026-09-18T02:50:03.605120+00:00
EXC,,,VH,-25.0,0.1328635022766422,0.1454295471675452,0.8078066502267963,0.7915938031082979,156,67,2026-09-18T02:27:03.709573+00:00
INV,,,VH,-24.5,0.0331066518084219,0.0345491064938453,0.9142698801554264,0.9036512093668156,98,42,2026-09-18T03:34:21.533129+00:00
DNP,,,VH,-24.5,0.0475723245209283,0.0588251685662274,0.8439570773380937,0.8514184703768818,179,77,2026-09-18T01:45:11.844189+00:00
UNV,,,VV,-18.0,0.34192685854927224,0.2081402099195616,0.8193076772945831,0.8045200811189396,71,31,2026-09-21T23:29:11.410407+00:00
WHI,,,VH,-23.5,0.1442370718779599,0.335899847290764,0.8892146640822353,0.8740768454956567,100,43,2026-09-18T04:29:13.019194+00:00
NHG,,,VV,-17.0,0.0461529916725233,0.0480097747690644,0.8390252815521079,0.839633872636078,93,40,2026-09-18T03:38:09.232370+00:00
STP,,,VH,-25.0,0.0808467571346573,0.1621837337682756,0.8259906169181385,0.8365177462219496,101,44,2026-09-18T04:28:56.282955+00:00
BUC,,,VV,-18.0,0.1371395369808494,0.1123244777875179,0.7779956545684527,0.8135753104496944,162,69,2026-09-18T05:22:31.151332+00:00
TRM,,,VV,-17.5,0.3582301519244048,0.310077947305303,0.7196342166529218,0.7036836109152064,145,62,2026-09-18T04:56:27.727148+00:00
LON,,,VV,-19.0,0.7167825814589033,0.8590983171700818,0.7003476288393623,0.6998419165943045,78,33,2026-09-18T06:48:08.302329+00:00
HID,,,VV,-18.5,0.212080582364823,0.2607689854267214,0.7466157275781856,0.7428228359349416,158,68,2026-09-18T06:30:49.806423+00:00
SCC,,,VV,-19.0,0.8386030882284676,0.9094524475029944,0.6710165491084219,0.6731096385346964,179,77,2026-09-18T06:38:19.497745+00:00
ICH,,,VV,-18.5,0.6916802746864726,0.7780476018110836,0.7462575546257555,0.7110992705826152,100,43,2026-09-18T07:14:49.421898+00:00
INP,,,VH,-24.0,0.4901779282325113,0.6525128035064905,0.8551795843883946,0.8851628865979382,97,41,2026-09-18T08:16:02.922098+00:00
LEW,,,VV,-18.0,0.0955062323099684,0.0955076688556529,0.8314920503586976,0.8251102723841571,89,38,2026-09-18T08:18:28.866789+00:00
DNN,,,VH,-25.0,0.7207955518985373,0.6942310730404115,0.7983683520882855,0.7783524196527521,102,44,2026-09-18T08:26:58.649022+00:00
LBS,,,VV,-18.5,0.3382171654289075,0.2501405355913217,0.6207578560376019,0.6287668801288966,182,78,2026-09-18T07:55:31.707430+00:00
KES,,,VH,-23.0,0.05870221463221,0.0884936924933453,0.7209003850330733,0.6929821774629095,165,70,2026-09-18T08:08:31.625066+00:00
ORO,,,VH,-24.0,0.0479954209544416,0.0593151611275683,0.85737101317011,0.8503562095013067,95,41,2026-09-17T23:58:02.582077+00:00
CHV,,,VV,-21.0,0.6213899631279521,0.6383410696276365,0.7992134859604739,0.7824138850023319,165,71,2026-09-18T03:31:35.921600+00:00
CMN,,,VH,-24.5,0.0486418487251985,0.0374493316305066,0.8983303162492025,0.9065911341162316,111,47,2026-09-18T02:34:26.066358+00:00
HTH,,,VV,-19.0,1.3131449978303458,1.5808767723693504,0.6191996214369622,0.6048406941149838,173,74,2026-09-18T02:50:21.821638+00:00
CAS,,,VH,-25.0,0.2073295644039763,0.2376030271212011,0.8156876192653414,0.8151294317521348,224,96,2026-09-18T03:47:11.992082+00:00
PAR,,,VH,-22.5,,,0.880971880971881,0.8809955693003063,111,48,2026-09-16T00:30:37.096373+00:00
BUL,,,VV,-16.5,0.0469668746807484,0.0572378941039139,0.8335031118763925,0.8378769298493853,111,47,2026-09-18T01:54:20.143482+00:00
PYM,,,VH,-24.5,0.1700726364461542,0.2738169338094249,0.823461007945781,0.8149753164930408,244,105,2026-09-18T05:34:56.431509+00:00
PRR,,,VH,-23.0,0.0593085706869608,0.0614344877154755,0.8967331462479381,0.9033989448051948,125,53,2026-09-18T05:21:33.335386+00:00
BLB,,,VV,-17.5,0.0747760868812247,0.042271576425548,0.8597038320339891,0.8825738607911868,97,42,2026-09-18T05:33:27.115109+00:00
CCH,,,VH,-24.0,0.0401205177316814,0.0502125432722374,0.8883748981464253,0.8880770406603485,117,50,2026-09-18T04:57:03.520163+00:00
COY,,,VV,-15.5,0.0322309720711324,0.0363845694787901,0.9212736670599472,0.931558195005598,89,38,2026-09-18T05:42:46.825550+00:00
NML,,,VH,-24.0,0.0593783631697071,0.060374140621306,0.8509488821657303,0.8376456904123246,139,59,2026-09-17T22:44:39.635441+00:00
ENG,,,VV,-16.5,0.0564350780901128,0.0847006144115906,0.8182050535672448,0.809573019700474,125,54,2026-09-18T06:27:23.251023+00:00
DON,,,VH,-24.0,0.2919585012193826,0.4130144821685604,0.5464107439980984,0.5437190793719079,141,61,2026-09-18T07:03:13.980496+00:00
BRD,,,VV,-17.0,0.2913188320703979,0.3634574051583124,0.8273459962072551,0.8045474540855603,186,80,2026-09-18T05:59:42.752797+00:00
DAV,,,VH,-25.0,0.036108328099596,0.039693663562697,0.908004708304005,0.9090336575467076,101,44,2026-09-18T06:14:11.779144+00:00
TUL,,,VH,-24.5,0.4201491691249917,0.3606126894240248,0.7700083812436589,0.7776284966239493,132,57,2026-09-18T07:12:16.282382+00:00
ANT,,,VV,-18.5,0.0955589619710075,0.1046719818143063,0.8403014662547104,0.8420019627085378,99,43,2026-09-18T07:51:52.832377+00:00
FRD,,,VH,-25.0,0.1115989907956236,0.0998734057646278,0.7932067796610169,0.7843507047198676,169,73,2026-09-18T07:56:14.971132+00:00
NAT,,,VH,-23.5,0.0598685370158875,0.0731352802164149,0.7233581077922685,0.7131124140808573,134,58,2026-09-18T09:05:51.308743+00:00
BRD,DESCENDING,42.0,VV,-16.0,0.3175648451004436,0.1233190793572974,0.785922501926,0.8210540540540541,67,28,2026-09-21T20:40:01.137184+00:00
