date,sar_area_m2,optical_area_m2,ratio,log_abs_error,wind_speed_mps,s1_acquisition_utc
2024-09-21,1355701.1298929567,1367250.3763898963,0.9915529396104945,0.008482938992805332,1.993984574167639,2024-09-21T14:08:08+00:00
2024-10-03,1322218.5011225084,485834.5714187622,2.7215405796695147,1.0011981095542453,1.4448089914657187,2024-10-03T14:08:09+00:00
2024-10-15,1327881.8670061894,1202045.4525680542,1.1046852381241474,0.09956044201523478,1.4697307076320956,2024-10-15T14:08:09+00:00
2024-10-27,1340084.9405148078,778352.4851760864,1.721694175886958,0.5433087920257684,1.5978695207853095,2024-10-27T14:08:09+00:00
2024-11-08,1310173.3406997083,1098.9375839233398,1192.218156760306,7.083570848296015,1.661869486885576,2024-11-08T14:08:08+00:00
2024-11-20,1277784.7316615982,834632.1423980414,1.5309555752194053,0.4258920994154941,3.30216873734899,2024-11-20T14:08:08+00:00
2024-12-02,1157859.7667867034,753649.1864555809,1.5363378447101212,0.42940156152296116,1.5825295744444539,2024-12-02T14:08:07+00:00
2024-12-14,1242606.8194870297,660213.4495085772,1.8821289090853128,0.632403534611992,3.1405841033323414,2024-12-14T14:08:06+00:00
2024-12-26,1152833.324926309,736790.6295391606,1.5646688200247199,0.4476741850005419,1.650852217045287,2024-12-26T14:08:05+00:00
2025-01-07,879744.2749702903,553804.080812402,1.5885478374947164,0.4628202891589229,4.40513552131861,2025-01-07T14:08:04+00:00
2025-01-19,1159574.2098325843,716908.9145475798,1.6174637897540407,0.4808593605915111,0.8056559559746588,2025-01-19T14:08:03+00:00
2025-01-31,1174838.710940462,733113.0975837259,1.6025340630424194,0.4715861657754957,1.4674799340779534,2025-01-31T14:08:02+00:00
2025-02-12,1170282.804322216,760268.622146337,1.5393017286684223,0.4313288906556884,1.297642082903601,2025-02-12T14:08:02+00:00
2025-02-24,1152582.0554744648,696178.4583921843,1.6555841991094338,0.5041539369410222,1.5876777658639414,2025-02-24T14:08:01+00:00
2025-03-08,1140509.0262078377,880699.4786734787,1.2950036349807856,0.25851350208253127,2.1219895168521865,2025-03-08T14:08:02+00:00
2025-03-20,1213800.4901132635,1276354.8041167913,0.9509898706834782,0.05025186772009799,0.44569140901212423,2025-03-20T14:08:02+00:00
2025-04-01,1099057.5945162599,239409.2269437902,4.590706918636442,1.524034024988528,1.3011352070729658,2025-04-01T14:08:02+00:00
2025-04-13,1154762.062061147,1212519.0442039638,0.9523661237166505,0.04880573438816418,2.8906599200601644,2025-04-13T14:08:02+00:00
2025-04-25,1345020.807769505,1354828.8230010686,0.9927606978349945,0.007265633068126766,1.2489065501682948,2025-04-25T14:08:02+00:00
2025-05-07,1399383.0122597183,1516743.9759864358,0.9226230889426212,0.08053448222031298,1.2342076952114167,2025-05-07T14:08:02+00:00
2025-05-19,1429143.9025933663,1560652.711319179,0.9157347385667554,0.08802854296385297,1.4451395875365327,2025-05-19T14:08:02+00:00
2025-05-31,1399733.424642257,1579048.9699162801,0.8864407952569512,0.12054094051821389,1.32253608621085,2025-05-31T14:08:01+00:00
2025-06-12,1430289.7540294882,1573831.3815355487,0.9087947862838962,0.09563596795523606,0.9701401082259775,2025-06-12T14:08:01+00:00
2025-06-24,1417395.89476103,1581074.6884280934,0.8964762418467448,0.10928348729564248,0.873443140889661,2025-06-24T14:08:00+00:00
2025-07-06,1429128.9378092447,1585270.6315738454,0.9015047079945054,0.10369001395139742,1.2098781489695771,2025-07-06T14:07:59+00:00
2025-07-18,1397555.9161899942,1610994.6365047977,0.8675112160659463,0.14212683806205695,1.0233880907388622,2025-07-18T14:07:59+00:00
2025-07-30,1464914.982103626,1116699.461804588,1.3118256363590621,0.2714197825734587,0.7517840549899052,2025-07-30T14:07:59+00:00
2025-08-11,1399163.526184441,1536853.519992544,0.9104078612457672,0.09386258071131537,1.5255655770800294,2025-08-11T14:07:58+00:00
2025-08-23,1393425.0054641722,940465.075211409,1.4816339725863201,0.39314551430829037,1.4574091404655263,2025-08-23T14:07:59+00:00
2025-09-04,1349318.2970689973,1414083.8542248295,0.9541996346522638,0.046882368784018684,1.4024833486224655,2025-09-04T14:07:59+00:00
2025-09-16,1296642.540729537,1274236.7225521312,1.017583717201722,0.01743091229814729,1.6436551014365588,2025-09-16T14:07:59+00:00
2025-09-28,1252824.205452622,970468.9675369263,1.2909472094015741,0.2553762197825597,0.9960008867519918,2025-09-28T14:07:59+00:00
2025-10-10,1228279.2127746583,1022918.1027984619,1.2007600700528978,0.18295474799683534,2.0667889203860477,2025-10-10T14:08:00+00:00
2025-10-22,1167682.0130310953,898436.8904037476,1.2996817311301097,0.26211941228603414,1.5629132514089006,2025-10-22T14:07:59+00:00
2025-11-03,1175655.246343934,770658.6433029175,1.5255200944808287,0.4223353974777559,1.0743647795112694,2025-11-03T14:07:59+00:00
2025-11-15,1107516.4544424627,63039.308517456055,17.568664385583848,2.8661168825528325,2.2290270473265785,2025-11-15T14:07:58+00:00
2025-11-27,1163615.4723553816,682542.6543121338,1.7048245483325475,0.5334622012366949,1.673188073128903,2025-11-27T14:07:57+00:00
2025-12-09,1196120.4360874542,641881.6995010376,1.8634593212694026,0.6224346104901162,1.7095406586725932,2025-12-09T14:07:56+00:00
2026-01-02,1132867.959059711,922381.602298572,1.2281987804576846,0.20554868996175252,1.320123461230886,2026-01-02T14:07:54+00:00
2026-01-26,1199543.4377780098,647887.1657593371,1.8514696712229515,0.6159797405854359,1.2502175258261103,2026-01-26T14:07:52+00:00
2026-02-07,1136774.873489589,815557.9778908225,1.3938615086930917,0.33207795926315936,1.4689033061825774,2026-02-07T14:07:51+00:00
2026-02-19,1163250.1590938484,1066039.9821307315,1.0911881154483714,0.08726711677976218,2.817545624049975,2026-02-19T14:07:51+00:00
2026-03-03,1243610.5618597888,1039318.5363401823,1.196563438807695,0.17945364727643015,1.9254321311182856,2026-03-03T14:07:50+00:00
2026-03-15,1274471.2238862272,1167200.5365905464,1.0919042477559375,0.08792318827295553,2.2798464405529892,2026-03-15T14:07:51+00:00
2026-03-27,1332080.498902953,1359707.2150425331,0.979681863982228,0.020527388610349587,1.7883466421668668,2026-03-27T14:07:51+00:00
2026-04-08,1375640.4099609978,1402837.471543675,0.9806128207049176,0.019577575503218352,0.957941860394165,2026-04-08T14:07:51+00:00
2026-04-20,1435923.5811798694,1499361.7007256602,0.9576899159721847,0.04323123193238028,1.4176502481003321,2026-04-20T14:07:51+00:00
2026-05-02,1437699.8387074184,643066.7591444727,2.235692979404059,0.8045512379064232,1.3339127292529598,2026-05-02T14:07:53+00:00
2026-05-14,1427211.9866626523,1592422.0908586688,0.8962523157996812,0.10953330319473442,1.798377813960715,2026-05-14T14:07:53+00:00
2026-05-26,1377042.313170368,1460289.3059207692,0.9429928080601051,0.05869662303724825,1.929262803161648,2026-05-26T14:07:52+00:00
2026-06-07,1432535.486207849,1553027.3263777788,0.9224148615266415,0.08076019835456463,0.7131713039099856,2026-06-07T14:07:52+00:00
2026-06-19,1477826.7379248217,1603053.594533135,0.9218823019795643,0.08133771869392989,0.1626961097835134,2026-06-19T14:07:51+00:00
2025-04-07,1218493.1446186127,1084280.514076203,1.123780358311389,0.11669832162133811,1.3230599309537812,2025-04-07T14:06:49+00:00
2025-04-19,1337744.8516719162,1267890.9368441114,1.0550945769844189,0.05363040934075748,1.433432224656193,2025-04-19T14:06:50+00:00
2025-05-01,1400203.0500032324,1395787.690770557,1.0031633458740692,0.0031583530221503653,2.121696359453363,2025-05-01T14:06:50+00:00
2025-05-01,1398878.4496194304,1395787.690770557,1.0022143474034846,0.0022118993495014974,2.121696359453363,2025-05-01T14:06:50+00:00
2025-05-13,1448838.121096801,1088060.4250854794,1.3315787319284023,0.2863652547741215,0.8932507270254737,2025-05-13T14:06:51+00:00
2025-05-25,1449976.9069835595,126421.23019124946,11.469409883055567,2.43968348108676,0.944105125285812,2025-05-25T14:06:53+00:00
2025-06-06,1463691.7353213152,1372920.1317570107,1.066115720401112,0.06402187557527626,0.7624631701796034,2025-06-06T14:06:53+00:00
2025-06-18,1425363.8730911848,1571141.4487873751,0.907215498764479,0.09737526197856924,1.330940415374322,2025-06-18T14:06:54+00:00
2025-06-30,1466523.171658895,1592123.6626586914,0.9211113470984685,0.08217435199046996,0.7283542170769549,2025-06-30T14:06:54+00:00
2025-07-12,1445863.251575725,1582731.0887134925,0.913524263146294,0.09044534287499265,1.1387913116390276,2025-07-12T14:06:55+00:00
2025-07-24,1464195.9134648046,426032.293028738,3.436819080205353,1.2345463576126718,0.5215320074280039,2025-07-24T14:06:56+00:00
2025-08-05,1443086.1254530367,1536394.2894829544,0.9392680871904836,0.0626543376567968,1.1310858541921627,2025-08-05T14:06:57+00:00
2025-08-17,1441631.8329075845,1497931.1563652786,0.9624152797553767,0.03830923772765115,0.9680736400442113,2025-08-17T14:06:57+00:00
2025-08-29,1392483.1982284854,1422475.6337963627,0.9789153256088948,0.021310130887877768,1.4098570082371285,2025-08-29T14:06:58+00:00
2025-09-10,1357057.3136570961,1359895.7363304885,0.9979127644880692,0.0020894168237748237,0.695358131577627,2025-09-10T14:06:58+00:00
2025-09-22,1277807.8305547077,830966.0364622228,1.5377377347392935,0.4303123329661219,1.709283895978096,2025-09-22T14:06:59+00:00
2025-10-04,1208517.6980700924,1056796.8359679577,1.1435667262981235,0.1341520854657183,1.820706939482928,2025-10-04T14:06:59+00:00
2025-10-16,1158990.9776979631,948665.9881921207,1.2217060505211748,0.20024828395811536,2.0624622612301864,2025-10-16T14:06:59+00:00
2025-10-28,1166225.1742159373,835496.6499557495,1.395846619226665,0.33350112668971593,1.7970235361518945,2025-10-28T14:06:58+00:00
2025-11-09,1157536.5820899506,725601.731803894,1.5952781413741086,0.4670481043404576,1.929320963286602,2025-11-09T14:06:58+00:00
2025-11-21,1177485.5307981002,831200.1541671753,1.4166088936519592,0.3482659124850919,3.145978725150946,2025-11-21T14:06:58+00:00
2025-12-03,1131055.4795703674,507011.62855529785,2.2308274916558593,0.802372589133074,3.313319865368596,2025-12-03T14:06:57+00:00
2025-12-15,1228772.729699648,541578.3646774292,2.268873370581412,0.8192833957702844,1.6104623047005147,2025-12-15T14:06:57+00:00
2025-12-27,1184699.85539048,922381.602298572,1.2843923300705606,0.25028571161040936,0.6985504525396716,2025-12-27T14:06:56+00:00
2026-01-08,1296903.308451603,625737.5768444586,2.0725993714358277,0.7288035544946675,0.9332519770055275,2026-01-08T14:06:55+00:00
2026-01-20,1215864.8197355098,800306.0190514359,1.5192498754121777,0.4182167100271881,1.6738954921244478,2026-01-20T14:06:55+00:00
2026-02-01,1168272.457733634,758669.8407211304,1.5398957425580122,0.4317147144961595,1.144015539803537,2026-02-01T14:06:55+00:00
2026-02-13,1162415.5786420638,1040391.3923615698,1.1172868087686818,0.11090325415462522,1.8489018352504927,2026-02-13T14:06:54+00:00
2026-02-25,1245201.3709205475,960011.824253127,1.2970687854696927,0.2601069382146176,1.3875396760028667,2026-02-25T14:06:54+00:00
2026-03-09,1249695.8123091154,1202369.1370726642,1.0393611859929095,0.038606280190416335,1.1101651255402427,2026-03-09T14:06:54+00:00
2026-03-21,1280119.1958760878,1258318.8534028295,1.0173249748378992,0.017176608637025473,1.252545563324637,2026-03-21T14:06:54+00:00
2026-04-02,1205418.626305464,1388419.9908119352,0.8681945191530599,0.14133948902178112,2.346047950561125,2026-04-02T14:06:55+00:00
2026-04-14,1366605.9521383848,209217.24057964244,6.53199491758979,1.8767123970291943,1.2853833095071328,2026-04-14T14:06:55+00:00
2026-04-26,1363614.052063167,1567324.7340881047,0.8700264995540571,0.13923160853984454,1.3382785211798847,2026-04-26T14:06:56+00:00
2026-05-08,1437355.9389350447,1564720.1439886054,0.9186025657413098,0.08490171399472587,1.3385602281278595,2026-05-08T14:06:57+00:00
2026-05-20,1455724.7914020915,1591843.0495459763,0.9144901514111531,0.08938858057918697,1.3867440376696043,2026-05-20T14:06:58+00:00
2026-06-01,1446495.914667197,1590123.1370503146,0.9096754087551064,0.09466743677726915,1.2187108705464,2026-06-01T14:06:58+00:00
2026-07-02,1441270.4080920643,1534219.4773608937,0.9394160544560959,0.06249681541807863,0.752770307447387,2026-07-02T14:06:57+00:00
2026-07-14,1436073.0991383863,1600135.6609546735,0.8974695922229468,0.10817603972519693,0.7874197700651625,2026-07-14T14:06:58+00:00
2026-07-26,1406205.513335882,1529860.2348668117,0.9191725369986528,0.0842814299624001,0.8979928939231342,2026-07-26T14:06:58+00:00
2026-08-07,1392921.87654781,1524365.5282017726,0.9137715664503244,0.09017466606225681,1.3565285583668785,2026-08-07T14:06:59+00:00
2026-08-19,1391469.7130501238,796405.9158791336,1.7471865606549561,0.558006814606034,1.2018628758366277,2026-08-19T14:07:00+00:00
2026-08-31,1379779.1790849273,1384145.9293912402,0.9968451662403591,0.0031598207391560795,0.9942513415512241,2026-08-31T14:07:00+00:00
2026-09-12,1313360.8785369883,1230893.4132855884,1.0669980555272223,0.06484914994421846,,2026-09-12T14:07:01+00:00
2026-04-27,1356568.3117371209,1567324.7340881047,0.865531106753314,0.14441196422222577,0.1087912945372867,2026-04-27T14:07:06+00:00
2026-05-09,1483989.4885240747,1564720.1439886054,0.9484056904522611,0.052972924753782416,1.9625460624153335,2026-05-09T14:07:07+00:00
2026-05-21,1454694.8250906544,1598657.802975823,0.9099475962790858,0.09436826763590693,0.9485898663432751,2026-05-21T14:07:07+00:00
2026-06-02,1447351.8258953309,1590123.1370503146,0.9102136760176793,0.09407589822387882,1.0826255118045123,2026-06-02T14:07:08+00:00
2026-06-14,1453410.8794502101,1595860.5109073415,0.9107380435297943,0.09349997133797625,0.958873401725752,2026-06-14T14:07:09+00:00
2026-06-26,1466540.5863763557,1596987.6717437746,0.9183167862373154,0.08521286484192259,1.610801716362965,2026-06-26T14:07:11+00:00
2026-07-08,1421059.0094448302,1514196.7408970252,0.9384903368653276,0.0634827193694471,1.0848391764582312,2026-07-08T14:07:11+00:00
2026-07-20,1430799.3320921655,1563670.4962513044,0.915026110374481,0.08880267818536305,0.6029169207411602,2026-07-20T14:07:04+00:00
2026-08-01,1414214.5009785078,1531159.0663868922,0.9236235032821632,0.07945075435680023,1.4043628894174855,2026-08-01T14:07:04+00:00
2026-08-13,1430390.4830712723,1469723.3220559813,0.9732379296195105,0.02712669470615132,1.176494780540449,2026-08-13T14:07:05+00:00
2026-08-25,1378349.4625128352,1448937.9814412135,0.951282580874741,0.049944119801724585,1.3060372732402572,2026-08-25T14:07:05+00:00
2026-09-06,1390263.3988946949,431149.44990674185,3.224551020986831,1.170793722257312,1.6783791401255337,2026-09-06T14:07:06+00:00
