date,sensor,area_m2,volume_af,out_of_range
2024-09-23,S1,11774151.091295552,307472.8333333333,False
2024-09-27,S2,14219682.65799402,458604.4166666667,False
2024-09-28,S1,13807909.916145476,403499.2727272727,False
2024-09-28,S1,13342645.86651596,403499.2727272727,False
2024-10-02,S2,14255695.509892214,458604.4166666667,False
2024-10-05,S1,11703138.56149591,307472.8333333333,False
2024-10-07,S2,14272624.594967593,458604.4166666667,False
2024-10-10,S1,13811273.205301948,403499.2727272727,False
2024-10-10,S1,13451590.81491945,403499.2727272727,False
2024-10-12,S2,14257242.18882886,458604.4166666667,False
2024-10-17,S1,12035532.954353573,335714.5555555556,False
2024-10-22,S1,13978968.169026664,404913.5714285714,False
2024-10-22,S1,13494676.83211266,403499.2727272727,False
2024-10-22,S2,14127157.093476957,458604.4166666667,False
2024-10-29,S1,12143191.040304294,335714.5555555556,False
2024-11-03,S1,14836927.810704704,505395.8666666666,False
2024-11-03,S1,14480129.894874986,470573.5,False
2024-11-10,S1,12433621.64007087,335714.5555555556,False
2024-11-15,S1,15396865.706427395,539564.5789473684,False
2024-11-15,S1,14775082.422110114,505395.8666666666,False
2024-11-16,S2,11816918.426629728,307472.8333333333,False
2024-11-21,S2,12622183.410783475,363437.625,False
2024-11-22,S1,12822862.708627766,375630.4166666667,False
2024-11-27,S1,12465009.316488916,363437.625,False
2024-11-27,S1,12290152.307345852,335714.5555555556,False
2024-12-04,S1,12770084.320695791,375630.4166666667,False
2024-12-06,S2,2289559.611888332,228261.54545454544,False
2024-12-09,S1,15635820.998374458,565870.4,False
2024-12-09,S1,14811369.761488212,505395.8666666666,False
2024-12-16,S1,13384922.402101194,403499.2727272727,False
2024-12-21,S1,15785949.295118596,565870.4,False
2024-12-21,S1,15199773.614085564,539564.5789473684,False
2024-12-28,S1,12567337.89504122,363437.625,False
2025-01-02,S1,15567566.31774334,539564.5789473684,False
2025-01-02,S1,14952234.814423688,505395.8666666666,False
2025-01-05,S2,6649835.509719849,228261.54545454544,False
2025-01-09,S1,13426438.81740472,403499.2727272727,False
2025-01-10,S2,14408103.194709778,470573.5,False
2025-01-14,S1,16107314.889691431,573267.5,False
2025-01-14,S1,15617496.267649615,565870.4,False
2025-01-15,S2,13817880.900726318,404913.5714285714,False
2025-01-20,S2,15124949.318901062,539564.5789473684,False
2025-01-25,S2,13165879.416260485,403499.2727272727,False
2025-01-26,S1,14610765.61678177,479975.0,False
2025-01-30,S2,15147430.049588311,539564.5789473684,False
2025-02-04,S2,11128898.242813349,274507.16,False
2025-02-07,S1,14291697.005027622,458604.4166666667,False
2025-02-09,S2,15259423.582194608,539564.5789473684,False
2025-02-19,S1,16280539.036428928,663134.2727272727,False
2025-02-26,S1,14106908.15521339,458604.4166666667,False
2025-03-01,S2,16306726.539845096,663134.2727272727,False
2025-03-03,S1,15939876.04530807,573267.5,False
2025-03-10,S1,14233052.736590369,458604.4166666667,False
2025-03-15,S1,15607090.101709224,565870.4,False
2025-03-15,S1,15634517.376317604,565870.4,False
2025-03-22,S1,14375578.76537943,470573.5,False
2025-03-26,S2,17642614.102960624,694324.6666666666,False
2025-03-27,S1,17234249.291209437,663134.2727272727,False
2025-03-27,S1,16983628.9774117,663134.2727272727,False
2025-03-28,S1,16974632.002544362,663134.2727272727,False
2025-04-02,S1,17926337.31943886,716841.8,False
2025-04-03,S1,14655045.463712296,505395.8666666666,False
2025-04-05,S2,17724774.110039234,694324.6666666666,False
2025-04-08,S1,17705366.541044712,694324.6666666666,False
2025-04-08,S1,17398639.826759122,663134.2727272727,False
2025-04-09,S1,17319357.81518019,663134.2727272727,False
2025-04-10,S2,18265890.78682481,776531.65,False
2025-04-15,S1,15137893.392135084,539564.5789473684,False
2025-04-15,S2,12005179.693047049,335714.5555555556,False
2025-04-20,S1,18256346.56462788,776531.65,False
2025-04-20,S1,17788701.343129747,716841.8,False
2025-04-20,S2,18710350.194884744,784249.5333333333,False
2025-04-26,S1,19229523.42220767,800065.8333333334,False
2025-04-26,S1,19328318.291856725,800065.8333333334,False
2025-04-27,S1,15661845.49104938,565870.4,False
2025-05-02,S1,18660587.94659804,776531.65,False
2025-05-02,S1,18019133.56676436,776531.65,False
2025-05-03,S1,17937769.810076125,773603.0,False
2025-05-07,S2,19064695.376096148,800065.8333333334,False
2025-05-08,S1,19353803.02926976,800065.8333333334,False
2025-05-08,S1,19493258.11313253,807860.6666666666,False
2025-05-09,S1,15828242.36116327,573267.5,False
2025-05-10,S2,19446522.780617148,807860.6666666666,False
2025-05-14,S1,19295359.52551724,800065.8333333334,False
2025-05-14,S1,18863348.60002588,784249.5333333333,False
2025-05-15,S1,18800252.665205862,784249.5333333333,False
2025-05-20,S1,19582025.42881915,819623.2857142857,False
2025-05-20,S1,19794443.57730431,831941.0,False
2025-05-20,S2,19214071.089450583,800065.8333333334,False
2025-05-26,S1,19504335.57165168,819623.2857142857,False
2025-05-26,S1,19151885.36388695,800065.8333333334,False
2025-05-27,S1,18196308.76158754,776531.65,False
2025-05-27,S2,20001645.34359705,848187.5,False
2025-05-30,S2,20228044.41416889,857883.8571428572,False
2025-06-01,S1,19866324.79801586,845373.5,False
2025-06-01,S1,20026306.99205117,854894.6,False
2025-06-02,S1,16231039.13721409,663134.2727272727,False
2025-06-04,S2,20007252.089188788,854894.6,False
2025-06-07,S1,19660041.88023211,831941.0,False
2025-06-07,S1,19061300.92772365,800065.8333333334,False
2025-06-08,S1,18069343.79447452,776531.65,False
2025-06-09,S2,20303811.71377438,857883.8571428572,False
2025-06-13,S1,19591602.95028241,819623.2857142857,False
2025-06-13,S1,19573631.5705897,819623.2857142857,False
2025-06-14,S1,16256921.855637137,663134.2727272727,False
2025-06-16,S2,19789269.850416925,831941.0,False
2025-06-19,S1,18903517.505788468,784249.5333333333,False
2025-06-19,S1,18133903.087011404,776531.65,False
2025-06-19,S2,19638224.838887174,819623.2857142857,False
2025-06-20,S1,17199766.950856045,663134.2727272727,False
2025-06-24,S2,19033329.919773087,784249.5333333333,False
2025-06-25,S1,18558815.7946334,776531.65,False
2025-06-25,S1,18498959.23179683,776531.65,False
2025-06-26,S1,15235505.048376672,539564.5789473684,False
2025-06-29,S2,18598422.744603865,776531.65,False
2025-07-01,S1,17531008.847694997,694324.6666666666,False
2025-07-01,S1,17016399.670889728,663134.2727272727,False
2025-07-02,S1,16272899.14994803,663134.2727272727,False
2025-07-04,S2,17852231.641528383,716841.8,False
2025-07-06,S2,17684027.94320496,694324.6666666666,False
2025-07-07,S1,17060830.115638256,663134.2727272727,False
2025-07-07,S1,16963559.992033806,663134.2727272727,False
2025-07-08,S1,14053793.13414866,458604.4166666667,False
2025-07-09,S2,17227854.12617388,663134.2727272727,False
2025-07-13,S1,15816713.675303174,565870.4,False
2025-07-13,S1,15393612.80114306,539564.5789473684,False
2025-07-14,S1,14665978.189612089,505395.8666666666,False
2025-07-19,S1,15429016.68737042,539564.5789473684,False
2025-07-19,S1,15280542.052495891,539564.5789473684,False
2025-07-19,S2,15852645.374486348,573267.5,False
2025-07-20,S1,12722835.747746216,375630.4166666667,False
2025-07-24,S2,14879211.571657846,505395.8666666666,False
2025-07-25,S1,14338388.292361354,458604.4166666667,False
2025-07-25,S1,13754629.93134754,403499.2727272727,False
2025-07-26,S1,13217706.360987702,403499.2727272727,False
2025-07-26,S2,14691840.000071475,505395.8666666666,False
2025-07-29,S2,14013610.416644018,404913.5714285714,False
2025-07-31,S1,13581578.32910818,403499.2727272727,False
2025-07-31,S1,13464148.135167196,403499.2727272727,False
2025-08-01,S1,11230046.060427085,274507.16,False
2025-08-03,S2,13205949.318680467,403499.2727272727,False
2025-08-06,S1,12758814.16380705,375630.4166666667,False
2025-08-06,S1,12383160.218993183,335714.5555555556,False
2025-08-07,S1,11713173.5958266,307472.8333333333,False
2025-08-08,S2,12581568.073297806,363437.625,False
2025-08-12,S1,12352603.73515218,335714.5555555556,False
2025-08-12,S1,12230055.82684188,335714.5555555556,False
2025-08-13,S1,10441878.547864933,246365.25,False
2025-08-13,S2,12016114.062061204,335714.5555555556,False
2025-08-15,S2,11921193.634892214,307472.8333333333,False
2025-08-18,S1,12018803.15430265,335714.5555555556,False
2025-08-18,S1,11640079.082322368,274507.16,False
2025-08-18,S2,11787341.282636303,307472.8333333333,False
2025-08-19,S1,10956848.891569937,246365.25,False
2025-08-23,S2,10900631.50423207,246365.25,False
2025-08-24,S1,11914606.451379368,307472.8333333333,False
2025-08-24,S1,11623257.202122318,274507.16,False
2025-08-30,S1,11413971.023329912,274507.16,False
2025-08-30,S1,10993197.496217882,246365.25,False
2025-08-31,S1,10430715.74595349,246365.25,False
2025-09-05,S1,11213426.11131822,274507.16,False
2025-09-06,S1,9638954.917700792,228261.54545454544,False
2025-09-07,S2,10860768.465001993,246365.25,False
2025-09-11,S1,10976199.228516132,246365.25,False
2025-09-11,S1,10638241.05226647,246365.25,False
2025-09-12,S1,10073310.905896747,246365.25,False
2025-09-17,S1,10822282.147488346,246365.25,False
2025-09-17,S1,10702850.654143631,246365.25,False
2025-09-18,S1,9191837.534084996,228261.54545454544,False
2025-09-22,S2,10552013.50433194,246365.25,False
2025-09-23,S1,11136435.206170594,274507.16,False
2025-09-23,S1,10869705.700241242,246365.25,False
2025-09-24,S1,10371774.548460595,246365.25,False
2025-09-24,S2,10468745.85022134,246365.25,False
2025-09-27,S2,10697078.578344695,246365.25,False
2025-09-29,S1,11275626.340301927,274507.16,False
2025-09-30,S1,9494050.02342362,228261.54545454544,False
2025-10-02,S2,10542456.535003662,246365.25,False
2025-10-05,S1,11390632.389246415,274507.16,False
2025-10-05,S1,11203701.166560007,274507.16,False
2025-10-06,S1,10697037.520578513,246365.25,False
2025-10-07,S2,10676194.500732422,246365.25,False
2025-10-11,S1,11384538.986836994,274507.16,False
2025-10-11,S1,11550967.501707189,274507.16,False
2025-10-11,S1,11508249.073217291,274507.16,False
2025-10-12,S1,10105589.716296509,246365.25,False
2025-10-12,S2,10749762.857898729,246365.25,False
2025-10-17,S1,11239994.064879632,274507.16,False
2025-10-17,S1,11062594.619146278,252783.0,False
2025-10-17,S2,11016625.271243315,247726.0,False
2025-10-18,S1,10797274.96108123,246365.25,False
2025-10-23,S1,11603832.129870486,274507.16,False
2025-10-23,S1,11318296.352855287,274507.16,False
2025-10-24,S1,10078048.224758938,246365.25,False
2025-10-24,S2,11048196.87734761,252783.0,False
2025-10-29,S1,11966809.427576613,307472.8333333333,False
2025-10-29,S1,11488797.252172468,274507.16,False
2025-10-30,S1,11494882.182696508,274507.16,False
2025-11-01,S2,11434653.175652895,274507.16,False
2025-11-04,S1,12114258.318155205,335714.5555555556,False
2025-11-04,S1,12172960.315728314,335714.5555555556,False
2025-11-05,S1,10040116.690829352,246365.25,False
2025-11-06,S2,11454097.874253934,274507.16,False
2025-11-10,S1,12214287.967251023,335714.5555555556,False
2025-11-10,S1,11794196.916261734,307472.8333333333,False
2025-11-11,S1,11762279.515851405,307472.8333333333,False
2025-11-16,S1,10569202.689482206,246365.25,False
2025-11-16,S1,9940706.891558211,246365.25,False
2025-11-21,S2,11810098.413134797,307472.8333333333,False
2025-11-22,S1,12319617.593904056,335714.5555555556,False
2025-11-22,S1,11745273.964024415,307472.8333333333,False
2025-11-23,S1,11642904.200082423,295037.0,False
2025-11-28,S1,13051249.405762194,375630.4166666667,False
2025-11-28,S1,12711219.551202424,363437.625,False
2025-11-29,S1,11169731.956957083,274507.16,False
2025-12-04,S1,13524936.484802583,403499.2727272727,False
2025-12-04,S1,12898889.737537606,375630.4166666667,False
2025-12-05,S1,12652548.703066649,363437.625,False
2025-12-10,S1,13730768.887864364,403499.2727272727,False
2025-12-10,S1,13399214.389124464,403499.2727272727,False
2025-12-11,S1,11602462.981018703,274507.16,False
2025-12-16,S1,13873310.211210012,404913.5714285714,False
2025-12-16,S1,13115828.668805111,375630.4166666667,False
2025-12-17,S1,13014656.740497496,375630.4166666667,False
2025-12-22,S1,13860396.294911614,404913.5714285714,False
2025-12-22,S1,13571787.43381808,403499.2727272727,False
2025-12-23,S1,12026796.220684756,335714.5555555556,False
2025-12-28,S1,13257857.269108796,403499.2727272727,False
2025-12-28,S1,12972802.430839982,375630.4166666667,False
2025-12-29,S1,12747197.264916483,375630.4166666667,False
2026-01-03,S1,14003215.817793982,404913.5714285714,False
2026-01-03,S1,12467036.142704893,363437.625,False
2026-01-04,S1,11076287.175390532,274507.16,False
2026-01-09,S1,14751747.683332616,505395.8666666666,False
2026-01-09,S1,14359890.960098771,458604.4166666667,False
2026-01-15,S1,15367538.832190422,539564.5789473684,False
2026-01-15,S2,14874874.780315712,505395.8666666666,False
2026-01-16,S1,13020604.271899378,375630.4166666667,False
2026-01-21,S1,15437141.966066793,539564.5789473684,False
2026-01-28,S1,13518094.822104502,403499.2727272727,False
2026-01-30,S2,9724796.760734558,246365.25,False
2026-02-02,S1,15909526.445681673,573267.5,False
2026-02-02,S1,15371658.422033632,539564.5789473684,False
2026-02-04,S2,15718841.48951817,565870.4,False
2026-02-08,S1,16228285.914560324,573267.5,False
2026-02-09,S1,13817475.99065489,404913.5714285714,False
2026-02-14,S1,16186729.551634906,573267.5,False
2026-02-14,S1,15731137.225072348,565870.4,False
2026-02-15,S1,15069307.576869838,537841.0,False
2026-02-20,S1,16069665.404771691,573267.5,False
2026-02-26,S1,16358690.158548782,663134.2727272727,False
2026-02-26,S1,15886125.215966946,573267.5,False
2026-02-27,S1,15352808.825112827,539564.5789473684,False
2026-03-04,S1,17272581.090747193,663134.2727272727,False
2026-03-05,S1,14707636.749463275,505395.8666666666,False
2026-03-10,S1,17217477.83475042,663134.2727272727,False
2026-03-10,S1,17008959.996224884,663134.2727272727,False
2026-03-11,S2,17326081.721312366,663134.2727272727,False
2026-03-16,S1,17703715.258960076,694324.6666666666,False
2026-03-17,S1,14855973.64346856,505395.8666666666,False
2026-03-22,S1,17899980.40432482,716841.8,False
2026-03-22,S1,17415254.493992884,694324.6666666666,False
2026-03-23,S1,16783865.56639856,663134.2727272727,False
2026-03-28,S1,18795372.473801248,784249.5333333333,False
2026-03-28,S1,18749917.698446363,784249.5333333333,False
2026-03-29,S1,15611487.378386045,565870.4,False
2026-04-03,S1,18952051.772329416,784249.5333333333,False
2026-04-03,S1,18674446.74733544,784249.5333333333,False
2026-04-04,S1,17596440.721372206,694324.6666666666,False
2026-04-05,S2,19159178.176485844,800065.8333333334,False
2026-04-09,S1,19301413.053395025,800065.8333333334,False
2026-04-09,S1,19271040.38671953,800065.8333333334,False
2026-04-10,S1,15957995.49293096,573267.5,False
2026-04-15,S1,19115989.72706481,800065.8333333334,False
2026-04-15,S1,18901816.724259447,784249.5333333333,False
2026-04-16,S1,17846463.931801233,716841.8,False
2026-04-21,S1,19698451.55374004,831941.0,False
2026-04-22,S1,15157240.099997366,539564.5789473684,False
2026-04-22,S1,18685969.36185536,784249.5333333333,False
2026-04-27,S1,19359674.203433767,807860.6666666666,False
2026-04-27,S1,18694785.56289769,784249.5333333333,False
2026-04-28,S1,17980566.413640905,776531.65,False
2026-04-29,S1,18093274.33095478,776531.65,False
2026-04-30,S2,19814249.35135968,842691.0,False
2026-05-02,S2,18537556.657056,776531.65,False
2026-05-03,S1,19898650.728200257,847486.0,False
2026-05-04,S1,16364806.102530569,663134.2727272727,False
2026-05-04,S1,19918677.776626468,848187.5,False
2026-05-04,S1,20060104.295330208,854894.6,False
2026-05-09,S1,19612231.213869996,819623.2857142857,False
2026-05-09,S1,19127817.510009617,800065.8333333334,False
2026-05-10,S2,20183246.78982828,857883.8571428572,False
2026-05-11,S1,18176920.43939345,776531.65,False
2026-05-15,S1,20090126.479153253,857883.8571428572,False
2026-05-15,S2,20397924.973711383,876203.0,False
2026-05-16,S1,16775300.78232156,663134.2727272727,False
2026-05-16,S1,20027745.905395124,854894.6,False
2026-05-16,S1,20196065.105474968,857883.8571428572,False
2026-05-21,S1,19763511.007365063,831941.0,False
2026-05-21,S1,19077685.96318566,800065.8333333334,False
2026-05-22,S1,17969011.33020026,776531.65,False
2026-05-22,S2,20283048.06306108,857883.8571428572,False
2026-05-23,S1,18123031.06841356,776531.65,False
2026-05-25,S2,20296786.137457427,857883.8571428572,False
2026-05-27,S1,20038751.188805107,854894.6,False
2026-05-27,S1,19874942.60187039,845373.5,False
2026-05-28,S1,16233151.816425111,663134.2727272727,False
2026-05-28,S1,19802417.73683098,831941.0,False
2026-05-28,S1,19705232.425634317,831941.0,False
2026-06-02,S1,19265802.9383647,800065.8333333334,False
2026-06-02,S1,18571004.244958047,776531.65,False
2026-06-03,S1,13250206.965673804,403499.2727272727,False
2026-06-04,S1,17460096.79264254,694324.6666666666,False
2026-06-04,S2,19590451.18004174,819623.2857142857,False
2026-06-08,S1,18841793.152736112,784249.5333333333,False
2026-06-09,S1,15081908.18905612,539564.5789473684,False
2026-06-09,S1,18863963.333207853,784249.5333333333,False
2026-06-09,S1,18895263.40486968,784249.5333333333,False
2026-06-09,S2,19283827.937057555,800065.8333333334,False
2026-06-11,S2,19286468.12164935,800065.8333333334,False
2026-06-14,S1,18107928.72377448,776531.65,False
2026-06-14,S1,17532884.613557942,694324.6666666666,False
2026-06-14,S2,19108122.691299822,800065.8333333334,False
2026-06-16,S1,16667428.486615406,663134.2727272727,False
2026-06-19,S2,18553968.38655021,776531.65,False
2026-06-21,S1,14652356.737961322,505395.8666666666,False
2026-06-21,S1,17759198.776842132,694324.6666666666,False
2026-06-21,S1,17739657.30511049,694324.6666666666,False
2026-06-24,S2,18148569.847333662,776531.65,False
2026-06-26,S1,16920146.622364603,663134.2727272727,False
2026-06-26,S1,16295429.932262806,663134.2727272727,False
2026-06-27,S1,17128937.54129483,663134.2727272727,False
2026-06-27,S1,16973431.539581478,663134.2727272727,False
2026-06-29,S2,17414578.81322904,663134.2727272727,False
2026-07-01,S2,17206088.09227349,663134.2727272727,False
2026-07-03,S1,16364343.698492551,663134.2727272727,False
2026-07-03,S1,16206807.84540504,573267.5,False
2026-07-04,S1,14731052.422673425,505395.8666666666,False
2026-07-04,S2,16847442.433385156,663134.2727272727,False
2026-07-09,S1,15256077.988525724,539564.5789473684,False
2026-07-09,S2,15971599.2658172,573267.5,False
2026-07-14,S2,15286067.328817422,539564.5789473684,False
2026-07-15,S1,14652904.812646369,505395.8666666666,False
2026-07-15,S1,14357693.320415637,458604.4166666667,False
2026-07-16,S1,12890836.67246626,375630.4166666667,False
2026-07-19,S2,14447841.00713157,470573.5,False
2026-07-21,S1,13301605.673467088,403499.2727272727,False
2026-07-24,S2,13508750.120973116,403499.2727272727,False
2026-07-27,S1,12715378.031140797,363437.625,False
2026-07-27,S1,12453913.914592816,335714.5555555556,False
2026-07-28,S1,11337837.25838204,274507.16,False
2026-07-29,S2,12406573.552137038,335714.5555555556,False
2026-08-08,S1,12456373.222214404,335714.5555555556,False
2026-08-08,S2,11077621.904710568,274507.16,False
2026-09-07,S1,10743792.257112484,246365.25,False
2026-09-07,S2,8630749.291578256,228261.54545454544,False
2026-09-17,S2,8302470.069044464,228261.54545454544,False
2026-09-19,S1,9194160.447534092,228261.54545454544,False
2026-09-19,S1,8955148.308612958,228261.54545454544,False
2026-09-19,S2,8500818.18012082,228261.54545454544,False
2026-09-22,S2,8609975.379324311,228261.54545454544,False
