date,sensor,scene_id,area_m2,volume_af,out_of_range,qc_deviation_pct,qc_status,qc_provisional
2024-09-23,S2,20240923T190121_20240923T191149_T10TEL,86114857.27531591,2827483.833333333,False,1.022542721690668,accepted,False
2024-09-25,S2,20240925T185039_20240925T185721_T10TEL,85727399.0361714,2758580.25,False,0.5680100457355003,accepted,False
2024-09-26,S1,S1A_IW_GRDH_1SDV_20240926T141542_20240926T141607_055837_06D2DB_7A34,89761798.38386734,3046633.6,False,5.475176900967845,accepted,False
2024-09-28,S1,S1A_IW_GRDH_1SDV_20240928T020034_20240928T020059_055859_06D3B3_49F1,82126590.98641522,2690073.714285714,False,-3.6561482069586178,accepted,False
2024-09-28,S2,20240928T190059_20240928T191116_T10TEL,85243209.04548573,2751170.0,False,0.33170827653789625,accepted,False
2024-09-30,S2,20240930T185211_20240930T185242_T10TEL,84961385.09925029,2751170.0,False,-0.3306116104627959,accepted,False
2024-10-03,S2,20241003T190231_20241003T190755_T10TEL,84248955.79806587,2742641.25,False,-0.8385330586973945,accepted,False
2024-10-05,S2,20241005T185139_20241005T190054_T10TEL,84100548.8277969,2716970.0,False,-0.5964430048248622,accepted,False
2024-10-08,S1,S1A_IW_GRDH_1SDV_20241008T141543_20241008T141608_056012_06D9C1_0754,86343054.48199852,2827483.833333333,False,2.594568728843081,accepted,False
2024-10-10,S1,S1A_IW_GRDH_1SDV_20241010T020035_20241010T020100_056034_06DA96_26BD,81348906.8714003,2667444.0,False,-3.424729263431677,accepted,False
2024-10-13,S2,20241013T190341_20241013T190459_T10TEL,84218409.08936685,2716970.0,False,-0.35770459994397946,accepted,False
2024-10-18,S2,20241018T190319_20241018T191004_T10TEL,82698432.8728171,2690073.714285714,False,-1.8048028132861766,accepted,False
2024-10-20,S1,S1A_IW_GRDH_1SDV_20241020T141542_20241020T141607_056187_06E0AD_8C06,88476440.55969207,2827483.833333333,False,6.347609774334064,accepted,False
2024-10-22,S1,S1A_IW_GRDH_1SDV_20241022T020035_20241022T020100_056209_06E185_BDFE,83195513.9823415,2696138.4444444445,False,,unchecked,True
2024-11-01,S1,S1A_IW_GRDH_1SDV_20241101T141542_20241101T141607_056362_06E79F_BB89,83624786.50805944,2696138.4444444445,False,6.403456856983169,accepted,False
2024-11-03,S1,S1A_IW_GRDH_1SDV_20241103T020035_20241103T020100_056384_06E875_E162,78592170.76044764,2623114.75,False,-1.6411982749188967,accepted,False
2024-11-04,S2,20241104T185449_20241104T190105_T10TEL,79903546.38532257,2627786.4166666665,False,1.6685830308365763,accepted,False
2024-11-07,S2,20241107T190509_20241107T190920_T10TEL,78565723.69077301,2623114.75,False,-3.911790329328842,accepted,False
2024-11-13,S1,S1A_IW_GRDH_1SDV_20241113T141542_20241113T141607_056537_06EE96_17D4,83982045.77060857,2696138.4444444445,False,,unchecked,False
2024-11-15,S1,S1A_IW_GRDH_1SDV_20241115T020034_20241115T020059_056559_06EF69_AE6F,75600635.24455951,2533633.0,False,,unchecked,True
2024-11-25,S1,S1A_IW_GRDH_1SDV_20241125T141541_20241125T141606_056712_06F594_944A,78800523.49919263,2627786.4166666665,False,-3.4035207730071235,accepted,False
2024-11-27,S1,S1A_IW_GRDH_1SDV_20241127T020033_20241127T020058_056734_06F66E_676C,79414371.5664746,2627786.4166666665,False,-2.6098716414147973,accepted,False
2024-11-27,S2,20241127T190639_20241127T190642_T10TEL,81735549.27150768,2690073.714285714,False,1.5837989117239528,accepted,False
2024-11-29,S2,20241129T185741_20241129T185735_T10TEL,81577014.12079276,2690073.714285714,False,1.3867658824704487,accepted,False
2024-12-04,S2,20241204T185659_20241204T185656_T10TEL,81508039.58008166,2674570.6666666665,False,-0.08455144069011014,accepted,False
2024-12-07,S1,S1A_IW_GRDH_1SDV_20241207T141540_20241207T141605_056887_06FC72_AB1B,88637260.0761493,2827483.833333333,False,9.638863863050814,accepted,False
2024-12-09,S1,S1A_IW_GRDH_1SDV_20241209T020032_20241209T020057_056909_06FD49_C735,84277129.23041621,2742641.25,False,4.245648957606653,accepted,True
2024-12-09,S2,20241209T185801_20241209T185802_T10TEL,77549142.15086365,2623114.75,False,-6.446224704808376,accepted,True
2024-12-09,S2,20241209T185831_20241209T190104_T10TEL,80181450.7212143,2627786.4166666665,False,-3.270658893659697,accepted,True
2024-12-19,S1,S1A_IW_GRDH_1SDV_20241219T141539_20241219T141604_057062_070375_DBE6,88213414.14038211,2827483.833333333,False,,unchecked,False
2024-12-21,S1,S1A_IW_GRDH_1SDV_20241221T020031_20241221T020056_057084_07044E_57C1,83886068.46370101,2696138.4444444445,False,,unchecked,True
2024-12-31,S1,S1A_IW_GRDH_1SDV_20241231T141538_20241231T141603_057237_070A5B_CAE2,97180707.81822664,3611526.230769231,False,,unchecked,False
2025-01-02,S1,S1A_IW_GRDH_1SDV_20250102T020030_20250102T020055_057259_070B31_721D,91709780.52133474,3212067.333333333,False,,unchecked,False
2025-01-06,S2,20250106T190709_20250106T191054_T10TEL,97555439.92881826,3624230.866666666,False,1.0755938193434134,accepted,False
2025-01-11,S2,20250111T190741_20250111T190800_T10TEL,95853903.68884625,3523392.0,False,0.2570073607572665,accepted,False
2025-01-12,S1,S1A_IW_GRDH_1SDV_20250112T141537_20250112T141602_057412_071147_CD5A,99838391.08658318,3687795.0,False,4.424524456988372,accepted,False
2025-01-14,S1,S1A_IW_GRDH_1SDV_20250114T020029_20250114T020054_057434_071221_B604,93226063.81274378,3305560.375,False,-2.4915438370793708,accepted,False
2025-01-16,S2,20250116T190629_20250116T190632_T10TEL,95608183.61945792,3475082.714285714,False,0.21895968910378205,accepted,False
2025-01-18,S2,20250118T185721_20250118T185716_T10TEL,94787694.57643834,3461827.6923076925,False,-0.9854160591017725,accepted,False
2025-01-21,S2,20250121T190741_20250121T191118_T10TEL,95399297.61399512,3475082.714285714,False,0.2800944054076355,accepted,False
2025-01-24,S1,S1A_IW_GRDH_1SDV_20250124T141536_20250124T141601_057587_07183B_3C54,99838398.37261264,3687795.0,False,4.946307409935851,accepted,False
2025-01-26,S1,S1A_IW_GRDH_1SDV_20250126T020028_20250126T020053_057609_071912_96F0,92337528.8471367,3212067.333333333,False,-3.545033954276567,accepted,False
2025-01-26,S2,20250126T190559_20250126T190712_T10TEL,96063169.55097198,3611526.230769231,False,0.8367122100713262,accepted,False
2025-01-28,S2,20250128T185701_20250128T190104_T10TEL,95132835.86303712,3461827.6923076925,False,-0.6250809657966504,accepted,True
2025-02-05,S1,S1A_IW_GRDH_1SDV_20250205T141535_20250205T141600_057762_071F22_80AE,102440814.68030804,3844147.85,False,,unchecked,False
2025-02-07,S1,S1A_IW_GRDH_1SDV_20250207T020028_20250207T020053_057784_072001_7977,94423439.34799606,3461827.6923076925,False,,unchecked,False
2025-02-10,S2,20250210T190551_20250210T191116_T10TEL,107291409.44429629,4026405.142857143,False,12.194292469268557,accepted,False
2025-02-17,S1,S1A_IW_GRDH_1SDV_20250217T141535_20250217T141600_057937_07262F_F3C1,95630006.7346873,3475082.714285714,False,,unchecked,False
2025-02-19,S1,S1A_IW_GRDH_1SDV_20250219T020027_20250219T020052_057959_072708_8334,91692809.58396906,3212067.333333333,False,,unchecked,False
2025-02-25,S2,20250225T190249_20250225T191256_T10TEL,100744609.64612868,3698848.3333333335,False,9.871875562794601,accepted,False
2025-03-01,S1,S1A_IW_GRDH_1SDV_20250301T141535_20250301T141600_058112_072D4E_B3F6,101026513.69057772,3698848.3333333335,False,0.2798204742062486,accepted,False
2025-03-03,S1,S1A_IW_GRDH_1SDV_20250303T020027_20250303T020052_058134_072E33_17CB,90680687.37392448,3212067.333333333,False,-10.240704087186714,accepted,False
2025-03-07,S2,20250307T190139_20250307T190307_T10TEL,103107980.7929004,3844147.85,False,6.1043972425833735,accepted,False
2025-03-13,S1,S1A_IW_GRDH_1SDV_20250313T141535_20250313T141600_058287_073467_9A70,97175973.35496628,3611526.230769231,False,,unchecked,False
2025-03-15,S1,S1A_IW_GRDH_1SDV_20250315T020027_20250315T020052_058309_07353F_DE08,91276286.40256087,3212067.333333333,False,,unchecked,True
2025-03-24,S2,20250324T184929_20250324T185534_T10TEL,108718321.13566868,4090927.9411764704,False,,unchecked,False
2025-03-25,S1,S1A_IW_GRDH_1SDV_20250325T141535_20250325T141600_058462_073B48_113F,103624906.3930776,3887960.555555556,False,,unchecked,False
2025-03-27,S1,S1A_IW_GRDH_1SDV_20250327T020027_20250327T020052_058484_073C21_56BA,94809888.60170852,3461827.6923076925,False,-11.910687150086224,accepted,False
2025-04-02,S1,S1C_IW_GRDH_1SDV_20250402T015924_20250402T015949_001708_002E85_9F30,105616495.31003128,3914397.578947369,False,-1.8163896878341876,accepted,False
2025-04-03,S2,20250403T184919_20250403T185347_T10TEL,107629274.805725,4026405.142857143,False,0.9996543768340992,accepted,False
2025-04-03,S2,20250403T190821_20250403T190823_T10TEL,108834723.84445836,4090927.9411764704,False,2.1308515952555735,accepted,False
2025-04-06,S1,S1A_IW_GRDH_1SDV_20250406T141536_20250406T141601_058637_07426C_0F79,107511510.8594859,4026405.142857143,False,-0.6656889552984059,accepted,False
2025-04-07,S1,S1C_IW_GRDH_1SDV_20250407T020728_20250407T020753_001781_003328_76CD,112902247.02569155,4313323.333333333,False,4.956618687247161,accepted,False
2025-04-08,S1,S1A_IW_GRDH_1SDV_20250408T020028_20250408T020053_058659_07434A_BDCE,97314741.95936732,3624230.866666666,False,-10.086903534815681,accepted,False
2025-04-13,S2,20250413T184919_20250413T190222_T10TEL,112736008.55407438,4313323.333333333,False,-0.14724106560903844,accepted,False
2025-04-16,S2,20250416T185919_20250416T190550_T10TEL,113728539.56056592,4376350.666666667,False,0.43954785408480584,accepted,False
2025-04-18,S1,S1A_IW_GRDH_1SDV_20250418T141536_20250418T141601_058812_074995_DECC,108590333.9392769,4090927.9411764704,False,-4.39577759694214,accepted,False
2025-04-18,S2,20250418T184941_20250418T190132_T10TEL,113069785.4172358,4368133.0,False,-0.4520152029341555,accepted,False
2025-04-19,S1,S1C_IW_GRDH_1SDV_20250419T020729_20250419T020754_001956_003E1E_1BCC,113583198.7435355,4371981.5,False,0.382577923808998,accepted,False
2025-04-20,S1,S1A_IW_GRDH_1SDV_20250420T020028_20250420T020053_058834_074A74_D1A2,101330518.47495715,3844147.85,False,-10.648810902805232,accepted,False
2025-04-20,S2,20250420T185831_20250420T190053_T10TEL,113915576.81410192,4376834.0,False,0.6763270692625852,accepted,False
2025-04-21,S2,20250421T191141_20250421T191137_T10TEL,113230835.85141872,4371981.5,False,-0.3568176791742451,accepted,False
2025-04-23,S2,20250423T184919_20250423T190032_T10TEL,113689421.8495005,4376350.666666667,False,0.4050009828449417,accepted,False
2025-04-23,S2,20250423T190831_20250423T190826_T10TEL,113830811.28769864,4376834.0,False,0.5298692990902313,accepted,False
2025-04-26,S1,S1C_IW_GRDH_1SDV_20250426T015925_20250426T015950_002058_004412_D169,110568667.5635227,4173646.4285714286,False,-2.502799034480521,accepted,False
2025-04-28,S2,20250428T184941_20250428T185210_T10TEL,113972601.90026878,4405312.0,False,0.6868237975402874,accepted,False
2025-04-30,S1,S1A_IW_GRDH_1SDV_20250430T141536_20250430T141601_058987_0750B7_FCD9,107061984.42299974,4026405.142857143,False,-5.808260336619965,accepted,False
2025-05-01,S1,S1C_IW_GRDH_1SDV_20250501T020729_20250501T020754_002131_00486E_226B,113195150.6678206,4371981.5,False,2.375431631921374,accepted,False
2025-05-02,S1,S1A_IW_GRDH_1SDV_20250502T020028_20250502T020053_059009_07518D_49FA,100235342.51024204,3698848.3333333335,False,-11.015784397325366,accepted,False
2025-05-06,S2,20250506T185919_20250506T190741_T10TEL,113663878.38850312,4376350.666666667,False,2.834452297895903,accepted,False
2025-05-08,S1,S1C_IW_GRDH_1SDV_20250508T015925_20250508T015950_002233_004BE0_7E4E,108712592.29748482,4090927.9411764704,False,-3.3636767179369595,accepted,False
2025-05-08,S2,20250508T184941_20250508T185544_T10TEL,112643958.06758028,4313323.333333333,False,1.911705783553816,accepted,False
2025-05-10,S2,20250510T185831_20250510T185825_T10TEL,113395874.97426596,4371981.5,False,2.5919831449179966,accepted,False
2025-05-12,S1,S1A_IW_GRDH_1SDV_20250512T141536_20250512T141601_059162_07573F_EAE6,104453780.13304605,3914397.578947369,False,-7.190302723112772,accepted,False
2025-05-13,S1,S1C_IW_GRDH_1SDV_20250513T020738_20250513T020803_002306_004E06_EFAD,112349271.40406144,4292172.5,False,1.554631368195163,accepted,False
2025-05-14,S1,S1A_IW_GRDH_1SDV_20250514T020028_20250514T020053_059184_075801_F5D2,101161223.22708212,3844147.85,False,-9.991301834190605,accepted,False
2025-05-18,S2,20250518T184931_20250518T185158_T10TEL,112546192.04437228,4300176.0,False,4.182946069460455,accepted,False
2025-05-20,S1,S1C_IW_GRDH_1SDV_20250520T015926_20250520T015951_002408_0050DA_A67A,105136360.7020106,3914397.578947369,False,-6.130948860492048,accepted,False
2025-05-21,S2,20250521T185931_20250521T191107_T10TEL,112431722.62993316,4292172.5,False,2.9282432443224096,accepted,False
2025-05-23,S2,20250523T184919_20250523T185229_T10TEL,112290235.4071747,4230546.0,False,0.4899849647736247,accepted,False
2025-05-24,S1,S1A_IW_GRDH_1SDV_20250524T141535_20250524T141600_059337_075D50_C3F1,106821811.7479498,3973348.6666666665,False,-4.470985894298703,accepted,False
2025-05-25,S1,S1C_IW_GRDH_1SDV_20250525T020740_20250525T020805_002481_0052D4_B35D,109233111.42409396,4098486.6666666665,False,-2.2458748540366216,accepted,False
2025-05-26,S1,S1A_IW_GRDH_1SDV_20250526T020027_20250526T020052_059359_075E12_6B1A,99469186.782256,3687795.0,False,-10.651150603284124,accepted,False
2025-05-26,S2,20250526T185919_20250526T190437_T10TEL,112003220.89732984,4195049.0,False,1.3681057224294277,accepted,False
2025-05-28,S2,20250528T184941_20250528T190316_T10TEL,111899942.14247668,4176942.0,False,0.8581892285042331,accepted,False
2025-05-30,S2,20250530T185831_20250530T185829_T10TEL,111742712.9146627,4173646.4285714286,False,2.2974732275319862,accepted,False
2025-05-31,S2,20250531T185941_20250531T190935_T10TEL,111705737.05451342,4173646.4285714286,False,2.2955445600010163,accepted,False
2025-06-01,S1,S1C_IW_GRDH_1SDV_20250601T015928_20250601T015953_002583_0055C0_5573,102940751.05738652,3844147.85,False,-6.4475706029577236,accepted,False
2025-06-02,S2,20250602T184919_20250602T190151_T10TEL,110947800.07298788,4173646.4285714286,False,1.2296076075682756,accepted,False
2025-06-02,S2,20250602T190831_20250602T190828_T10TEL,110035358.4838504,4117731.214285714,False,-0.01909078259918041,accepted,False
2025-06-05,S1,S1A_IW_GRDH_1SDV_20250605T141534_20250605T141559_059512_07635F_ABCD,104836310.14355768,3914397.578947369,False,-4.853617426441908,accepted,False
2025-06-05,S2,20250605T185919_20250605T190533_T10TEL,109164938.13903809,4098486.6666666665,False,-0.9250806941530604,accepted,False
2025-06-06,S1,S1C_IW_GRDH_1SDV_20250606T020741_20250606T020806_002656_0057DE_FE44,108948911.24490556,4090927.9411764704,False,-0.987361929760331,accepted,False
2025-06-07,S1,S1A_IW_GRDH_1SDV_20250607T020027_20250607T020052_059534_076419_85B4,97193964.81531397,3624230.866666666,False,-11.319495171554303,accepted,False
2025-06-07,S2,20250607T184941_20250607T190117_T10TEL,111005103.4430176,4173646.4285714286,False,1.786387023610242,accepted,False
2025-06-10,S2,20250610T185941_20250610T190946_T10TEL,110333103.89570096,4117731.214285714,False,3.153111773309792,accepted,False
2025-06-13,S1,S1C_IW_GRDH_1SDV_20250613T015928_20250613T015953_002758_005AD6_992E,101787885.34194992,3844147.85,False,-6.079172544843099,accepted,False
2025-06-15,S2,20250615T185919_20250615T190731_T10TEL,106960519.17286798,4026405.142857143,False,-0.9733717147073467,accepted,False
2025-06-17,S1,S1A_IW_GRDH_1SDV_20250617T141534_20250617T141559_059687_076959_F226,104656773.93616325,3914397.578947369,False,-3.106234615741604,accepted,False
2025-06-17,S2,20250617T184941_20250617T190057_T10TEL,108846924.822185,4090927.9411764704,False,1.3160400446184686,accepted,False
2025-06-18,S1,S1C_IW_GRDH_1SDV_20250618T020741_20250618T020806_002831_005CEB_0EE3,107905606.21902458,4026405.142857143,False,0.919835862187608,accepted,False
2025-06-19,S1,S1A_IW_GRDH_1SDV_20250619T020026_20250619T020051_059709_076A14_0865,96726140.13921268,3611526.230769231,False,-9.568370752870647,accepted,False
2025-06-19,S2,20250619T185831_20250619T190031_T10TEL,108942215.5383977,4090927.9411764704,False,1.889335464942303,accepted,False
2025-06-22,S2,20250622T184919_20250622T185432_T10TEL,108118146.2301006,4026405.142857143,False,1.144244476762736,accepted,False
2025-06-25,S1,S1C_IW_GRDH_1SDV_20250625T015929_20250625T015954_002933_005FDE_DFC3,100332466.61151478,3698848.3333333335,False,-5.729517461968929,accepted,False
2025-06-25,S2,20250625T185919_20250625T191016_T10TEL,106922098.4132163,3973348.6666666665,False,1.0820028923811198,accepted,False
2025-06-27,S2,20250627T184941_20250627T185915_T10TEL,106867913.64217076,3973348.6666666665,False,1.236870155544999,accepted,False
2025-06-29,S1,S1A_IW_GRDH_1SDV_20250629T141533_20250629T141558_059862_076F6F_777E,101155335.65784273,3802384.0,False,-4.3697787146874365,accepted,False
2025-06-30,S1,S1C_IW_GRDH_1SDV_20250630T020742_20250630T020807_003006_0061F3_2778,105562245.72922292,3914397.578947369,False,3.049795123305055,accepted,False
2025-07-01,S1,S1A_IW_GRDH_1SDV_20250701T020026_20250701T020051_059884_07702D_39DB,93872295.77173452,3305560.375,False,-10.135014817551001,accepted,False
2025-07-02,S2,20250702T184919_20250702T190248_T10TEL,105992918.10553595,3914397.578947369,False,2.8626521392950988,accepted,False
2025-07-05,S2,20250705T185919_20250705T190522_T10TEL,104459256.9410095,3914397.578947369,False,3.009077560945778,accepted,False
2025-07-07,S1,S1C_IW_GRDH_1SDV_20250707T015930_20250707T015955_003108_0064E5_4AFB,98508240.92347991,3687795.0,False,-3.836319746733125,accepted,False
2025-07-07,S2,20250707T184941_20250707T185812_T10TEL,102438093.74187651,3844147.85,False,1.015973619373668,accepted,False
2025-07-09,S2,20250709T185831_20250709T185849_T10TEL,103648208.52845947,3887960.555555556,False,2.209288712349735,accepted,False
2025-07-11,S1,S1A_IW_GRDH_1SDV_20250711T141533_20250711T141558_060037_077577_B36E,99025418.24427792,3687795.0,False,-2.8428700397317845,accepted,False
2025-07-12,S1,S1C_IW_GRDH_1SDV_20250712T020743_20250712T020808_003181_006705_0411,102750829.97488458,3844147.85,False,2.1701715633043808,accepted,False
2025-07-12,S2,20250712T184919_20250712T185445_T10TEL,101407817.07243784,3844147.85,False,0.8347482028482636,accepted,False
2025-07-12,S2,20250712T190831_20250712T190831_T10TEL,100568324.78863014,3698848.3333333335,False,-0.8278378413451372,accepted,False
2025-07-13,S1,S1A_IW_GRDH_1SDV_20250713T020025_20250713T020050_060059_077631_4DE0,90634789.42254828,3212067.333333333,False,-9.877399655368336,accepted,False
2025-07-19,S1,S1C_IW_GRDH_1SDV_20250719T015930_20250719T015955_003283_0069FB_53C0,95198856.68066242,3461827.6923076925,False,-4.449274675820572,accepted,False
2025-07-20,S2,20250720T185941_20250720T191133_T10TEL,99941275.41093236,3698848.3333333335,False,2.9487588944302376,accepted,False
2025-07-22,S2,20250722T184919_20250722T190207_T10TEL,99322218.10557796,3687795.0,False,2.097983586149693,accepted,False
2025-07-23,S1,S1A_IW_GRDH_1SDV_20250723T141532_20250723T141557_060212_077B7E_C692,97674417.94913653,3624230.866666666,False,0.3480668582816988,accepted,False
2025-07-24,S1,S1C_IW_GRDH_1SDV_20250724T020743_20250724T020808_003356_006C19_5A89,100355554.4881091,3698848.3333333335,False,3.5787939933580417,accepted,False
2025-07-25,S1,S1A_IW_GRDH_1SDV_20250725T020024_20250725T020049_060234_077C3D_90CD,89328257.17642511,2957816.0,False,-8.175279318839385,accepted,False
2025-07-25,S2,20250725T185919_20250725T190510_T10TEL,96482901.64209443,3611526.230769231,False,-0.8206834675449686,accepted,False
2025-07-27,S2,20250727T184941_20250727T190119_T10TEL,97783121.81157687,3624230.866666666,False,0.923739416424935,accepted,False
2025-07-29,S2,20250729T185831_20250729T185830_T10TEL,96888127.98355652,3611526.230769231,False,0.41999808729352606,accepted,False
2025-07-31,S1,S1C_IW_GRDH_1SDV_20250731T015931_20250731T015956_003458_006F1C_9042,92043638.05190884,3212067.333333333,False,-3.478325367526504,accepted,False
2025-08-01,S2,20250801T190831_20250801T190829_T10TEL,92378163.32755414,3212067.333333333,False,-1.9738415648980692,accepted,False
2025-08-04,S1,S1A_IW_GRDH_1SDV_20250804T141532_20250804T141557_060387_078184_FB14,94238277.62128714,3305560.375,False,2.013586573633657,accepted,False
2025-08-04,S2,20250804T185919_20250804T190653_T10TEL,93873604.77788872,3305560.375,False,1.6188257012991785,accepted,False
2025-08-05,S1,S1C_IW_GRDH_1SDV_20250805T020744_20250805T020809_003531_007139_73B7,97150058.36155763,3611526.230769231,False,5.35637070550399,accepted,False
2025-08-06,S1,S1A_IW_GRDH_1SDV_20250806T020024_20250806T020049_060409_07823E_4850,86407220.71415238,2827483.833333333,False,-6.4635866294829984,accepted,False
2025-08-11,S2,20250811T184919_20250811T190222_T10TEL,91829253.77020724,3212067.333333333,False,0.7380072698455347,accepted,False
2025-08-12,S1,S1C_IW_GRDH_1SDV_20250812T015932_20250812T015957_003633_007456_4D91,88120277.56423894,2827483.833333333,False,-3.093033582704182,accepted,False
2025-08-14,S2,20250814T185919_20250814T190731_T10TEL,90932861.50840788,3212067.333333333,False,1.968111509641631,accepted,False
2025-08-16,S1,S1A_IW_GRDH_1SDV_20250816T141532_20250816T141557_060562_078848_1413,91380162.6597702,3212067.333333333,False,2.469695347694367,accepted,False
2025-08-17,S1,S1C_IW_GRDH_1SDV_20250817T020745_20250817T020810_003706_00767B_D9B5,94999554.80574778,3461827.6923076925,False,6.5573794184607594,accepted,False
2025-08-18,S1,S1A_IW_GRDH_1SDV_20250818T020024_20250818T020049_060584_07891C_49CD,84520059.19351715,2751170.0,False,-5.222922960043505,accepted,False
2025-08-18,S2,20250818T185831_20250818T185825_T10TEL,89877307.17915808,3046633.6,False,0.8119495063112624,accepted,False
2025-08-19,S2,20250819T185941_20250819T190814_T10TEL,89177744.06345624,2957816.0,False,0.12323793455239981,accepted,False
2025-08-21,S2,20250821T184919_20250821T185400_T10TEL,89153426.37385598,2946056.0,False,-0.4178594737819406,accepted,False
2025-08-21,S2,20250821T190831_20250821T190825_T10TEL,88982530.67888956,2827483.833333333,False,-0.6087456775281415,accepted,False
2025-08-24,S1,S1C_IW_GRDH_1SDV_20250824T015932_20250824T015957_003808_007990_C8C5,86818936.60134122,2827483.833333333,False,-2.5250847299353585,accepted,False
2025-08-24,S2,20250824T185919_20250824T190816_T10TEL,88972412.99939343,2827483.833333333,False,-0.1072950442577189,accepted,False
2025-08-28,S1,S1A_IW_GRDH_1SDV_20250828T141532_20250828T141557_060737_078F2C_DD1B,90490480.22553168,3104073.0,False,2.5311293871382614,accepted,False
2025-08-29,S1,S1C_IW_GRDH_1SDV_20250829T020745_20250829T020810_003881_007BB7_8D4B,92649779.14518484,3212067.333333333,False,6.289674896329189,accepted,False
2025-08-29,S2,20250829T185941_20250829T190250_T10TEL,87515549.29402319,2827483.833333333,False,0.3850612068932358,accepted,False
2025-08-30,S1,S1A_IW_GRDH_1SDV_20250830T020024_20250830T020049_060759_078FFD_C04D,83043566.20827349,2696138.4444444445,False,-5.123600957703433,accepted,False
2025-08-31,S2,20250831T184919_20250831T190042_T10TEL,87540770.39461102,2827483.833333333,False,0.42851813857759075,accepted,False
2025-09-05,S1,S1C_IW_GRDH_1SDV_20250905T015932_20250905T015957_003983_007EC8_52DF,85518803.2980485,2751170.0,False,-1.5131621003284952,accepted,False
2025-09-05,S2,20250905T184931_20250905T185506_T10TEL,86149897.01701882,2827483.833333333,False,-0.42451602645964387,accepted,False
2025-09-09,S1,S1A_IW_GRDH_1SDV_20250909T141532_20250909T141557_060912_079624_0460,82555241.75101297,2690073.714285714,False,-3.566117381310679,accepted,False
2025-09-10,S1,S1C_IW_GRDH_1SDV_20250910T020746_20250910T020811_004056_008103_9B4B,94189559.73705168,3305560.375,False,10.344095464454139,accepted,False
2025-09-11,S1,S1A_IW_GRDH_1SDV_20250911T020025_20250911T020050_060934_0796FA_B901,80745742.46086004,2627786.4166666665,False,-5.581299846483436,accepted,False
2025-09-13,S2,20250913T185919_20250913T191021_T10TEL,85697452.87499371,2758580.25,False,1.8914897084889786,accepted,False
2025-09-15,S2,20250915T185031_20250915T185853_T10TEL,84409031.92416729,2742641.25,False,-1.3090606406183785,accepted,False
2025-09-17,S1,S1C_IW_GRDH_1SDV_20250917T015933_20250917T015958_004158_00841C_6618,85359854.861825,2751170.0,False,1.1264469168559226,accepted,False
2025-09-20,S2,20250920T184959_20250920T185856_T10TEL,83804139.0092908,2696138.4444444445,False,-0.7166210784408995,accepted,False
2025-09-21,S1,S1A_IW_GRDH_1SDV_20250921T141533_20250921T141558_061087_079D24_6381,89126231.04283954,2827483.833333333,False,6.511599611252795,accepted,False
2025-09-22,S1,S1C_IW_GRDH_1SDV_20250922T020746_20250922T020811_004231_008652_79B7,91564999.95814577,3212067.333333333,False,9.26071318266819,accepted,False
2025-09-23,S1,S1A_IW_GRDH_1SDV_20250923T020025_20250923T020050_061109_079DFA_44FB,81220744.4153739,2667444.0,False,-3.9320260566931284,accepted,False
2025-09-23,S2,20250923T190019_20250923T190651_T10TEL,83550837.10248189,2696138.4444444445,False,-1.1759902045000734,accepted,False
2025-09-25,S2,20250925T185141_20250925T190029_T10TEL,82554363.59508327,2690073.714285714,False,-1.4913051180789278,accepted,False
2025-09-27,S2,20250927T185831_20250927T185827_T10TEL,83311201.62663557,2696138.4444444445,False,-0.43773592845681764,accepted,False
2025-09-29,S1,S1C_IW_GRDH_1SDV_20250929T015933_20250929T015958_004333_008976_47E2,85286018.8893345,2751170.0,False,3.371409093758542,accepted,False
2025-10-03,S1,S1A_IW_GRDH_1SDV_20251003T141532_20251003T141557_061262_07A43B_D973,81561770.991058,2674570.6666666665,False,-1.082751323715964,accepted,False
2025-10-03,S2,20251003T190129_20251003T190655_T10TEL,79414507.44161811,2627786.4166666665,False,-3.686929726325107,accepted,False
2025-10-04,S1,S1C_IW_GRDH_1SDV_20251004T020746_20251004T020811_004406_008BA9_3F67,90313626.87434104,3104073.0,False,10.374671318952895,accepted,False
2025-10-05,S1,S1A_IW_GRDH_1SDV_20251005T020025_20251005T020050_061284_07A50F_51EC,80628117.77046292,2627786.4166666665,False,-1.7777384496072623,accepted,False
2025-10-05,S2,20251005T185251_20251005T185754_T10TEL,82454548.7086651,2690073.714285714,False,1.0946031538537524,accepted,False
2025-10-08,S2,20251008T190321_20251008T191100_T10TEL,82087417.35100125,2690073.714285714,False,0.6444763932368142,accepted,False
2025-10-11,S1,S1C_IW_GRDH_1SDV_20251011T015933_20251011T015958_004508_008EC8_EFE9,81337403.34721781,2667444.0,False,-0.47105395314839305,accepted,False
2025-10-15,S1,S1A_IW_GRDH_1SDV_20251015T141533_20251015T141558_061437_07AB45_ADE5,82876424.92384018,2690073.714285714,False,2.164065854810729,accepted,False
2025-10-17,S1,S1A_IW_GRDH_1SDV_20251017T020025_20251017T020050_061459_07AC16_E111,81100072.01192869,2627786.4166666665,False,-0.15891720993315453,accepted,False
2025-10-17,S2,20251017T185831_20251017T185826_T10TEL,81357302.15588388,2667444.0,False,0.3042870136090084,accepted,False
2025-10-18,S2,20251018T190421_20251018T191140_T10TEL,81120914.90330763,2627786.4166666665,False,-0.12044360582351664,accepted,False
2025-10-20,S2,20251020T185329_20251020T185627_T10TEL,80603055.45079714,2627786.4166666665,False,-0.6256132655464214,accepted,False
2025-10-20,S2,20251020T190831_20251020T190826_T10TEL,80575601.94724947,2627786.4166666665,False,-0.65946030848423,accepted,False
2025-10-23,S1,S1C_IW_GRDH_1SDV_20251023T015933_20251023T015958_004683_009410_FCB2,86231515.94556679,2827483.833333333,False,6.8148794709697205,accepted,False
2025-10-23,S2,20251023T190349_20251023T191255_T10TEL,80387586.83546932,2627786.4166666665,False,-0.7295698943738003,accepted,False
2025-10-27,S1,S1A_IW_GRDH_1SDV_20251027T141533_20251027T141558_061612_07B24B_3409,80856689.43241063,2627786.4166666665,False,0.4660631339225922,accepted,False
2025-10-28,S1,S1C_IW_GRDH_1SDV_20251028T020746_20251028T020811_004756_00963D_C985,89416247.386814,2957816.0,False,11.231411349396263,accepted,False
2025-10-28,S2,20251028T190521_20251028T191313_T10TEL,80060937.43765825,2627786.4166666665,False,-0.9841510953989265,accepted,False
2025-10-29,S1,S1A_IW_GRDH_1SDV_20251029T020025_20251029T020050_061634_07B31E_8B23,79502510.85260177,2627786.4166666665,False,-1.6747885540637182,accepted,False
2025-11-02,S2,20251102T190439_20251102T191119_T10TEL,79240628.92432027,2627786.4166666665,False,-2.792467999766599,accepted,False
2025-11-04,S1,S1C_IW_GRDH_1SDV_20251104T015933_20251104T015958_004858_00999A_94D9,84093568.90670934,2696138.4444444445,False,5.0369525990015,accepted,False
2025-11-08,S1,S1A_IW_GRDH_1SDV_20251108T141532_20251108T141557_061787_07B924_0CC2,81516964.06007922,2674570.6666666665,False,-0.18383762546885082,accepted,False
2025-11-09,S1,S1C_IW_GRDH_1SDV_20251109T020745_20251109T020810_004931_009C0B_377D,87850670.82230462,2827483.833333333,False,7.769802071575393,accepted,False
2025-11-10,S1,S1A_IW_GRDH_1SDV_20251110T020024_20251110T020049_061809_07B9F8_8FE2,78678490.42300445,2623114.75,False,-5.558360477368136,accepted,False
2025-11-16,S1,S1C_IW_GRDH_1SDV_20251116T015933_20251116T015958_005033_009F74_A428,82524653.35350467,2690073.714285714,False,-1.365139289817403,accepted,False
2025-11-21,S1,S1C_IW_GRDH_1SDV_20251121T020745_20251121T020810_005106_00A1EA_2BE6,89001263.79380482,2827483.833333333,False,8.651000908158924,accepted,False
2025-11-22,S1,S1A_IW_GRDH_1SDV_20251122T020024_20251122T020049_061984_07C0C4_5CEF,79482973.20439643,2627786.4166666665,False,-3.6857836119333074,accepted,False
2025-11-24,S2,20251124T185731_20251124T190043_T10TEL,79712350.11000824,2627786.4166666665,False,-5.055775150477984,accepted,False
2025-11-27,S2,20251127T190741_20251127T190947_T10TEL,81914812.61091766,2690073.714285714,False,-3.0498599382979,accepted,False
2025-11-28,S1,S1C_IW_GRDH_1SDV_20251128T015932_20251128T015957_005208_00A555_AA3B,85999244.79772426,2758580.25,False,4.305388313171837,accepted,False
2025-12-02,S1,S1A_IW_GRDH_1SDV_20251202T141530_20251202T141555_062137_07C6C4_5AF6,88361820.2335973,2827483.833333333,False,7.127997610488807,accepted,False
2025-12-03,S1,S1C_IW_GRDH_1SDV_20251203T020745_20251203T020810_005281_00A7CF_20B4,92940508.5547784,3212067.333333333,False,12.679102264443868,accepted,False
2025-12-04,S1,S1A_IW_GRDH_1SDV_20251204T020023_20251204T020048_062159_07C798_C6E9,82984136.88441567,2690073.714285714,False,-1.1976287567540542,accepted,False
2025-12-04,S2,20251204T185751_20251204T190044_T10TEL,79562067.76315308,2627786.4166666665,False,-5.8344471850960815,accepted,False
2025-12-09,S2,20251209T185659_20251209T185701_T10TEL,81980806.36949588,2690073.714285714,False,-7.22146040816302,accepted,False
2025-12-14,S1,S1A_IW_GRDH_1SDV_20251214T141529_20251214T141554_062312_07CD9C_65DE,88864357.4407968,2827483.833333333,False,5.198852264909027,accepted,False
2025-12-15,S1,S1C_IW_GRDH_1SDV_20251215T020744_20251215T020809_005456_00ADD1_2F49,92827380.9677872,3212067.333333333,False,11.53547715305638,accepted,False
2025-12-16,S1,S1A_IW_GRDH_1SDV_20251216T020022_20251216T020047_062334_07CE71_7CCD,84472744.26247625,2742641.25,False,-1.1119280423118085,accepted,False
2025-12-22,S1,S1C_IW_GRDH_1SDV_20251222T015931_20251222T015956_005558_00B152_C5A6,79171725.14478287,2627786.4166666665,False,-10.795729752484974,accepted,False
2025-12-26,S1,S1A_IW_GRDH_1SDV_20251226T141528_20251226T141553_062487_07D46A_C666,86333368.06404299,2827483.833333333,False,-2.5917163084963577,accepted,False
2025-12-27,S1,S1C_IW_GRDH_1SDV_20251227T020743_20251227T020808_005631_00B3D8_42EE,92184103.93223934,3212067.333333333,False,6.776911406787948,accepted,False
2025-12-28,S1,S1A_IW_GRDH_1SDV_20251228T020020_20251228T020045_062509_07D540_18E3,86087621.06204994,2827483.833333333,False,-5.255139796337009,accepted,False
2025-12-29,S2,20251229T185709_20251229T190039_T10TEL,91173213.0112915,3212067.333333333,False,5.60599575318117,accepted,False
2026-01-03,S1,S1C_IW_GRDH_1SDV_20260103T015930_20260103T015955_005733_00B757_8E32,90862576.47855145,3212067.333333333,False,-5.7417427004232655,accepted,False
2026-01-07,S1,S1A_IW_GRDH_1SDV_20260107T141527_20260107T141552_062662_07DB2A_AA86,97220164.60868783,3624230.866666666,False,-3.2401019831016495,accepted,False
2026-01-08,S1,S1C_IW_GRDH_1SDV_20260108T020743_20260108T020808_005806_00B9E2_236E,104145522.03229934,3887960.555555556,False,3.972515632346819,accepted,False
2026-01-08,S2,20260108T185649_20260108T185820_T10TEL,100254669.7683926,3698848.3333333335,False,-0.022169780265761812,accepted,False
2026-01-08,S2,20260108T190831_20260108T190833_T10TEL,100799582.25987522,3698848.3333333335,False,0.6321341305347167,accepted,False
2026-01-09,S1,S1A_IW_GRDH_1SDV_20260109T020019_20260109T020044_062684_07DBFE_BAF9,95574777.88588227,3475082.714285714,False,-4.877698999500831,accepted,False
2026-01-11,S2,20260111T190649_20260111T191110_T10TEL,101203578.95042709,3844147.85,False,0.8353540274432765,accepted,False
2026-01-13,S2,20260113T185741_20260113T190035_T10TEL,100475679.07906342,3698848.3333333335,False,-0.3213338523335746,accepted,False
2026-01-15,S1,S1C_IW_GRDH_1SDV_20260115T015930_20260115T015955_005908_00BD81_1480,100078122.79491188,3698848.3333333335,False,-0.7157365623830908,accepted,False
2026-01-16,S2,20260116T190731_20260116T191047_T10TEL,100849920.6093092,3698848.3333333335,False,0.6161361353978518,accepted,False
2026-01-20,S1,S1C_IW_GRDH_1SDV_20260120T020742_20260120T020807_005981_00BFFB_B9CF,105853048.66857076,3914397.578947369,False,5.607666231525889,accepted,False
2026-01-21,S1,S1A_IW_GRDH_1SDV_20260121T020018_20260121T020043_062859_07E293_22DF,95228770.48650768,3461827.6923076925,False,-5.283773808963521,accepted,False
2026-01-23,S2,20260123T185701_20260123T190032_T10TEL,100232352.86395489,3698848.3333333335,False,-0.6123631447829851,accepted,True
2026-01-31,S1,S1A_IW_GRDH_1SDV_20260131T141525_20260131T141550_063012_07E828_F9A7,101870884.42188942,3844147.85,False,1.4223985818099325,accepted,False
2026-02-01,S1,S1C_IW_GRDH_1SDV_20260201T020742_20260201T020807_006156_00C5AC_E85F,105905337.575461,3914397.578947369,False,5.458411237076956,accepted,False
2026-02-02,S1,S1A_IW_GRDH_1SDV_20260202T020018_20260202T020043_063034_07E8FC_8597,95343902.93201128,3461827.6923076925,False,-5.093235892580085,accepted,False
2026-02-02,S2,20260202T185611_20260202T190035_T10TEL,100423793.92325504,3698848.3333333335,False,-0.03663551047519754,accepted,False
2026-02-05,S2,20260205T190551_20260205T191050_T10TEL,100460598.17622334,3698848.3333333335,False,1.8265178001641675,accepted,False
2026-02-08,S1,S1C_IW_GRDH_1SDV_20260208T015929_20260208T015954_006258_00C91D_64CF,98658581.62151684,3687795.0,False,-0.42370875711033906,accepted,False
2026-02-12,S1,S1A_IW_GRDH_1SDV_20260212T141524_20260212T141549_063187_07EEAB_3388,94948659.87007958,3461827.6923076925,False,-3.760363964758389,accepted,False
2026-02-12,S2,20260212T185511_20260212T190035_T10TEL,97732976.91060878,3624230.866666666,False,-0.9381897607842625,accepted,False
2026-02-13,S1,S1C_IW_GRDH_1SDV_20260213T020741_20260213T020806_006331_00CBAE_BE20,103289965.8338602,3844147.85,False,6.830802576036669,accepted,False
2026-02-14,S1,S1A_IW_GRDH_1SDV_20260214T020017_20260214T020042_063209_07EF77_27C1,92953243.53228036,3212067.333333333,False,-4.8906045118222465,accepted,False
2026-02-20,S1,S1C_IW_GRDH_1SDV_20260220T015929_20260220T015954_006433_00CF39_C392,96685565.72000264,3611526.230769231,False,4.015268371378712,accepted,False
2026-02-24,S1,S1A_IW_GRDH_1SDV_20260224T141524_20260224T141549_063362_07F555_8BA8,89551930.43308985,3046633.6,False,-7.378180221411224,accepted,False
2026-02-25,S1,S1C_IW_GRDH_1SDV_20260225T020741_20260225T020806_006506_00D1C3_3412,97847119.91937478,3624230.866666666,False,4.741091400613459,accepted,False
2026-02-26,S1,S1A_IW_GRDH_1SDV_20260226T020016_20260226T020041_063384_07F622_81BB,90150600.69940072,3104073.0,False,-7.315729073394967,accepted,False
2026-03-04,S1,S1C_IW_GRDH_1SDV_20260304T015929_20260304T015954_006608_00D54F_5833,100410026.80974668,3698848.3333333335,False,-0.912707613313333,accepted,False
2026-03-06,S2,20260306T185831_20260306T185838_T10TEL,107404619.07759166,4026405.142857143,False,2.463113368035836,accepted,False
2026-03-08,S1,S1A_IW_GRDH_1SDV_20260308T141524_20260308T141549_063537_07FBFB_E405,104822716.72909889,3914397.578947369,False,-2.403902523621953,accepted,False
2026-03-09,S1,S1C_IW_GRDH_1SDV_20260309T020741_20260309T020806_006681_00D7C7_05A3,108960171.68664682,4090927.9411764704,False,3.9470976202998673,accepted,False
2026-03-10,S1,S1A_IW_GRDH_1SDV_20260310T020017_20260310T020042_063559_07FCC5_8931,97145422.55655682,3611526.230769231,False,-9.866001207000155,accepted,False
2026-03-12,S2,20260312T190059_20260312T190910_T10TEL,108153159.02489616,4026405.142857143,False,-0.27209670471655933,accepted,False
2026-03-17,S2,20260317T190131_20260317T191117_T10TEL,108448243.12075073,4082798.0,False,-0.06304536276290572,accepted,False
2026-03-19,S2,20260319T185009_20260319T190139_T10TEL,109010068.25377536,4090927.9411764704,False,0.5180583076842229,accepted,False
2026-03-19,S2,20260319T190831_20260319T190855_T10TEL,109063185.2288078,4090927.9411764704,False,0.5670374091467576,accepted,False
2026-03-20,S1,S1A_IW_GRDH_1SDV_20260320T141524_20260320T141549_063712_080285_0847,104940036.15485448,3914397.578947369,False,-3.654536549384583,accepted,False
2026-03-21,S1,S1C_IW_GRDH_1SDV_20260321T020742_20260321T020807_006856_00DDCE_C83A,108880156.6577938,4090927.9411764704,False,0.39826697474681033,accepted,False
2026-03-22,S1,S1A_IW_GRDH_1SDV_20260322T020017_20260322T020042_063734_08034F_9336,97670590.3230137,3624230.866666666,False,-10.295325318103052,accepted,False
2026-03-24,S2,20260324T185031_20260324T190122_T10TEL,108961000.35453288,4090927.9411764704,False,0.4728128543412477,accepted,False
2026-03-28,S1,S1C_IW_GRDH_1SDV_20260328T015929_20260328T015954_006958_00E143_D150,103659594.66424926,3887960.555555556,False,-2.2555552223968105,accepted,False
2026-04-01,S1,S1A_IW_GRDH_1SDV_20260401T141524_20260401T141549_063887_080905_9D07,99909505.9076963,3698848.3333333335,False,-9.101777779713945,accepted,False
2026-04-02,S1,S1C_IW_GRDH_1SDV_20260402T020742_20260402T020807_007031_00E3C7_0CCB,106051648.15259296,3954591.6666666665,False,-0.6882397681382881,accepted,False
2026-04-03,S1,S1A_IW_GRDH_1SDV_20260403T020016_20260403T020041_063909_0809CF_0715,99507103.1800271,3687795.0,False,-7.848966179915331,accepted,False
2026-04-03,S2,20260403T184921_20260403T190206_T10TEL,110330146.45736033,4117731.214285714,False,5.221012450649176,accepted,False
2026-04-06,S2,20260406T185911_20260406T190449_T10TEL,109913597.28199302,4117731.214285714,False,4.8323339813743,accepted,False
2026-04-08,S2,20260408T184919_20260408T185802_T10TEL,110421679.0434925,4117731.214285714,False,5.316927318581766,accepted,False
2026-04-08,S2,20260408T190831_20260408T190831_T10TEL,110474752.4965868,4117731.214285714,False,5.367547206365552,accepted,False
2026-04-09,S1,S1C_IW_GRDH_1SDV_20260409T015930_20260409T015955_007133_00E724_DDB7,103642428.2981355,3887960.555555556,False,-5.525903707799692,accepted,False
2026-04-13,S1,S1A_IW_GRDH_1SDV_20260413T141524_20260413T141549_064062_080F99_39FB,102847520.3972512,3844147.85,False,-6.404336409143892,accepted,False
2026-04-14,S1,S1C_IW_GRDH_1SDV_20260414T020743_20260414T020808_007206_00E9A3_5881,110201434.5680038,4117731.214285714,False,0.6446234071862132,accepted,False
2026-04-15,S1,S1A_IW_GRDH_1SDV_20260415T020017_20260415T020042_064084_081066_4682,98621865.51194422,3687795.0,False,-10.22643554387626,accepted,False
2026-04-16,S2,20260416T185921_20260416T191153_T10TEL,109495600.29863971,4098486.6666666665,False,2.6521760698479375,accepted,False
2026-04-18,S2,20260418T184919_20260418T185734_T10TEL,109856243.43806136,4117731.214285714,False,1.5172027116314537,accepted,False
2026-04-23,S2,20260423T184921_20260423T190303_T10TEL,109690799.48290108,4117731.214285714,False,0.013565069066302587,accepted,False
2026-04-25,S1,S1A_IW_GRDH_1SDV_20260425T141524_20260425T141549_064237_081623_BA65,106933222.60759751,4026405.142857143,False,-2.5874170884699432,accepted,False
2026-04-26,S1,S1C_IW_GRDH_1SDV_20260426T020743_20260426T020808_007381_00EF90_2BB7,110490547.36190766,4128892.0,False,1.4788104087999612,accepted,False
2026-04-27,S1,S1A_IW_GRDH_1SDV_20260427T020017_20260427T020042_064259_0816EA_4893,96406607.43360938,3611526.230769231,False,-11.784716236045709,accepted,False
2026-04-27,S1,S1D_IW_GRDH_1SDV_20260427T020753_20260427T020818_002526_0042E0_B0EC,108224408.02798514,4082798.0,False,-0.9710317734261474,accepted,False
2026-04-28,S2,20260428T184919_20260428T190219_T10TEL,110979574.39377694,4173646.4285714286,False,2.2359375803513784,accepted,False
2026-04-28,S2,20260428T190831_20260428T190827_T10TEL,110911854.1096172,4173646.4285714286,False,2.1735527065392604,accepted,False
2026-05-02,S1,S1A_IW_GRDH_1SDV_20260502T020829_20260502T020854_064332_08199F_F3E3,108880412.4888778,4090927.9411764704,False,0.6061520435602936,accepted,False
2026-05-04,S1,S1D_IW_GRDH_1SDV_20260504T015941_20260504T020006_002628_004629_BD81,105245547.92213072,3914397.578947369,False,-3.634439539672061,accepted,False
2026-05-06,S2,20260506T185921_20260506T190723_T10TEL,103645378.99323964,3887960.555555556,False,-5.389353247403018,accepted,False
2026-05-08,S1,S1C_IW_GRDH_1SDV_20260508T020744_20260508T020809_007556_00F57B_DDDC,110070868.05415596,4117731.214285714,False,1.0933606312336146,accepted,False
2026-05-09,S1,S1A_IW_GRDH_1SDV_20260509T020033_20260509T020106_064434_081D60_B3F7,98454497.20217144,3687795.0,False,-9.852502171904117,accepted,False
2026-05-09,S1,S1D_IW_GRDH_1SDV_20260509T020754_20260509T020819_002701_00489B_5FD9,109549382.17922568,4117731.214285714,False,0.7892207613113156,accepted,False
2026-05-11,S2,20260511T185909_20260511T190842_T10TEL,109690795.11963277,4117731.214285714,False,0.5539569472945679,accepted,False
2026-05-13,S2,20260513T184921_20260513T185702_T10TEL,109783531.35527374,4117731.214285714,False,0.4063137811672011,accepted,False
2026-05-14,S1,S1A_IW_GRDH_1SDV_20260514T020829_20260514T020854_064507_081FE7_BD02,108502719.06377137,4090927.9411764704,False,-0.7650972606145695,accepted,False
2026-05-15,S2,20260515T185831_20260515T190036_T10TEL,109887822.1254576,4117731.214285714,False,0.6801410715645343,accepted,False
2026-05-16,S1,S1D_IW_GRDH_1SDV_20260516T015942_20260516T020007_002803_004C06_62DA,102289851.4514426,3844147.85,False,-6.447289546319059,accepted,False
2026-05-18,S2,20260518T184919_20260518T185532_T10TEL,109385347.10289387,4098486.6666666665,False,0.21976925621545648,accepted,False
2026-05-18,S2,20260518T190831_20260518T190827_T10TEL,109086502.85848749,4090927.9411764704,False,-0.23117766312102916,accepted,False
2026-05-20,S1,S1C_IW_GRDH_1SDV_20260520T020745_20260520T020810_007731_00FB5D_1581,109339270.82966508,4098486.6666666665,False,0.3588780322688758,accepted,False
2026-05-21,S1,S1A_IW_GRDH_1SDV_20260521T020032_20260521T020105_064609_082373_B97F,97655820.64528093,3624230.866666666,False,-10.364972082639468,accepted,False
2026-05-21,S1,S1D_IW_GRDH_1SDV_20260521T020755_20260521T020820_002876_004E7A_8CA3,108810055.91832285,4090927.9411764704,False,0.01419643588682676,accepted,False
2026-05-21,S2,20260521T185909_20260521T191004_T10TEL,109145478.89573193,4090927.9411764704,False,0.45012669386336,accepted,False
2026-05-23,S2,20260523T184921_20260523T185852_T10TEL,109514713.64148994,4098486.6666666665,False,2.8766800247926274,accepted,False
2026-05-26,S1,S1A_IW_GRDH_1SDV_20260526T020828_20260526T020853_064682_082603_A7D3,104094780.46461174,3887960.555555556,False,-3.4178731813653322,accepted,False
2026-05-27,S1,S1C_IW_GRDH_1SDV_20260527T015932_20260527T015957_007833_00FEC9_4312,103194669.28829548,3844147.85,False,-4.253022181092576,accepted,False
2026-05-28,S1,S1D_IW_GRDH_1SDV_20260528T015942_20260528T020007_002978_0051D6_DBC6,95476881.2926842,3475082.714285714,False,-11.055741223235655,accepted,False
2026-05-31,S2,20260531T185909_20260531T190548_T10TEL,107778513.36830115,4026405.142857143,False,2.1968026419280795,accepted,False
2026-06-01,S1,S1C_IW_GRDH_1SDV_20260601T020745_20260601T020810_007906_01013A_48FC,108028160.69405705,4026405.142857143,False,2.433521053446492,accepted,False
2026-06-02,S1,S1A_IW_GRDH_1SDV_20260602T020032_20260602T020105_064784_08299B_A386,95944463.33406204,3611526.230769231,False,-9.519964060022351,accepted,False
2026-06-02,S1,S1D_IW_GRDH_1SDV_20260602T020755_20260602T020820_003051_005446_FCDF,107344625.28077914,4026405.142857143,False,2.4493358831022243,accepted,False
2026-06-04,S2,20260604T185831_20260604T190052_T10TEL,107251806.53730582,4026405.142857143,False,1.3860197140759853,accepted,False
2026-06-05,S2,20260605T185921_20260605T191254_T10TEL,106617019.8229272,3954591.6666666665,False,0.7859505831580158,accepted,False
2026-06-07,S1,S1A_IW_GRDH_1SDV_20260607T020827_20260607T020852_064857_082C27_EA12,105461727.35553184,3914397.578947369,False,-0.3061569407756536,accepted,False
2026-06-07,S2,20260607T184919_20260607T185652_T10TEL,100443350.1114073,3698848.3333333335,False,-5.050070452652081,accepted,False
2026-06-07,S2,20260607T190831_20260607T190827_T10TEL,106738596.38295604,3954591.6666666665,False,0.9840691683056133,accepted,False
2026-06-09,S1,S1D_IW_GRDH_1SDV_20260609T015943_20260609T020008_003153_0057A9_8A51,102775899.16365984,3844147.85,False,-2.6559835309144044,accepted,False
2026-06-10,S2,20260610T185919_20260610T191154_T10TEL,105785597.30401908,3914397.578947369,False,0.4948274028216012,accepted,False
2026-06-12,S2,20260612T184921_20260612T185846_T10TEL,105698450.52001184,3914397.578947369,False,0.6302305796550474,accepted,False
2026-06-14,S1,S1A_IW_GRDH_1SDV_20260614T020031_20260614T020104_064959_082FB1_C00B,93310783.75172187,3305560.375,False,-11.137027613793643,accepted,False
2026-06-14,S1,S1D_IW_GRDH_1SDV_20260614T020756_20260614T020821_003226_005A13_01B9,105067709.90593047,3914397.578947369,False,0.5690949193320011,accepted,False
2026-06-15,S2,20260615T185921_20260615T191208_T10TEL,105005247.1193344,3914397.578947369,False,1.2851400787386256,accepted,False
2026-06-19,S1,S1A_IW_GRDH_1SDV_20260619T020827_20260619T020852_065032_083249_4345,102342007.34980522,3844147.85,False,-0.9940471834606451,accepted,False
2026-06-20,S2,20260620T185919_20260620T191014_T10TEL,104473158.46901762,3914397.578947369,False,1.9669565684753274,accepted,False
2026-06-21,S1,S1D_IW_GRDH_1SDV_20260621T015944_20260621T020009_003328_005D61_9E66,98024009.89061764,3624230.866666666,False,-4.66440633481773,accepted,False
2026-06-22,S2,20260622T184921_20260622T185553_T10TEL,103672905.06554444,3887960.555555556,False,1.1859004079120987,accepted,False
2026-06-24,S1,S1A_IW_GRDH_1SDV_20260624T141519_20260624T141544_065112_08351C_B036,99171502.6520088,3687795.0,False,-3.207518065545245,accepted,False
2026-06-24,S2,20260624T185831_20260624T190034_T10TEL,103698230.57318862,3887960.555555556,False,2.006270855558122,accepted,False
2026-06-25,S2,20260625T185921_20260625T190823_T10TEL,102573706.49492304,3844147.85,False,0.9000947223964683,accepted,False
2026-06-26,S1,S1A_IW_GRDH_1SDV_20260626T020030_20260626T020103_065134_0835DB_A230,91812288.66695306,3212067.333333333,False,-10.288755278037064,accepted,False
2026-06-26,S1,S1D_IW_GRDH_1SDV_20260626T020746_20260626T020811_003401_005FC7_7AFA,103066193.82368632,3844147.85,False,2.0706409114232156,accepted,False
2026-06-27,S1,S1C_IW_GRDH_1SDV_20260627T015931_20260627T015956_008285_01062C_7807,96319660.2996834,3611526.230769231,False,-5.336632965677702,accepted,False
2026-06-30,S2,20260630T185919_20260630T191006_T10TEL,100975356.77583042,3698848.3333333335,False,0.750887959008174,accepted,False
2026-07-02,S1,S1C_IW_GRDH_1SDV_20260702T020744_20260702T020809_008358_0108A0_CD0C,102523976.31837608,3844147.85,False,2.140551383758171,accepted,False
2026-07-02,S2,20260702T184921_20260702T185646_T10TEL,100839447.69813786,3698848.3333333335,False,0.4623226584252329,accepted,False
2026-07-03,S1,S1D_IW_GRDH_1SDV_20260703T015950_20260703T020023_003503_00632E_AB11,94791966.96743125,3461827.6923076925,False,-5.562541363614393,accepted,False
2026-07-07,S2,20260707T184919_20260707T185440_T10TEL,99606144.04079264,3687795.0,False,-0.4187846956521993,accepted,False
2026-07-08,S1,S1D_IW_GRDH_1SDV_20260708T020747_20260708T020812_003576_0065A8_3B9A,100375389.52886334,3698848.3333333335,False,1.5678566823149924,accepted,False
2026-07-10,S2,20260710T185919_20260710T191207_T10TEL,98825940.41815664,3687795.0,False,1.0353813359601178,accepted,False
2026-07-14,S1,S1C_IW_GRDH_1SDV_20260714T020745_20260714T020810_008533_010E49_5C52,99674677.61757316,3687795.0,False,1.8169382219776546,accepted,False
2026-07-14,S2,20260714T185831_20260714T190034_T10TEL,98080237.32946832,3624230.866666666,False,-0.19190478313339032,accepted,False
2026-07-15,S1,S1D_IW_GRDH_1SDV_20260715T015951_20260715T020024_003678_006920_7E1E,92082927.67725682,3212067.333333333,False,-5.937977601633822,accepted,False
2026-07-15,S2,20260715T185921_20260715T191245_T10TEL,97546164.2566123,3624230.866666666,False,-0.3573222678239887,accepted,False
2026-07-17,S2,20260717T184919_20260717T190151_T10TEL,96667365.7905258,3611526.230769231,False,-1.0687907265755379,accepted,False
2026-07-20,S1,S1D_IW_GRDH_1SDV_20260720T020748_20260720T020813_003751_006BA3_E4B0,97711699.37219518,3624230.866666666,False,2.484566045749392,accepted,False
2026-07-22,S2,20260722T184921_20260722T185852_T10TEL,95312656.14090222,3461827.6923076925,False,0.7188806475042991,accepted,False
2026-07-25,S1,S1D_IW_GRDH_1SDV_20260725T141435_20260725T141500_003831_006E6C_8285,95373030.7723378,3461827.6923076925,False,1.5777079722850276,accepted,False
2026-07-25,S2,20260725T185921_20260725T191223_T10TEL,93891694.03030816,3305560.375,False,-1.4908430507837627,accepted,False
2026-07-26,S1,S1C_IW_GRDH_1SDV_20260726T020746_20260726T020811_008708_011419_B9AA,95770055.5582232,3475082.714285714,False,2.0005619744263132,accepted,False
2026-07-27,S1,S1D_IW_GRDH_1SDV_20260727T015952_20260727T020025_003853_006F20_25BD,88003373.4122117,2827483.833333333,False,-7.668743086841574,accepted,False
2026-07-27,S2,20260727T184919_20260727T185634_T10TEL,93245542.77131408,3305560.375,False,-2.1687711299665073,accepted,False
2026-07-27,S2,20260727T190831_20260727T190829_T10TEL,93104541.25087015,3212067.333333333,False,-2.3167069090675394,accepted,False
2026-07-30,S2,20260730T185919_20260730T190908_T10TEL,91947796.79599927,3212067.333333333,False,-2.0703612331048102,accepted,False
2026-08-01,S1,S1D_IW_GRDH_1SDV_20260801T020748_20260801T020813_003926_0071AF_94E3,97804714.72927636,3624230.866666666,False,4.889426156426269,accepted,False
2026-08-06,S1,S1D_IW_GRDH_1SDV_20260806T141435_20260806T141500_004006_007481_30C4,95632981.32310274,3475082.714285714,False,4.007909548153322,accepted,True
2026-08-06,S2,20260806T184919_20260806T185546_T10TEL,89808559.72206903,3046633.6,False,-6.090390073018324,accepted,True
2026-08-14,S1,S1C_IW_GRDH_1SDV_20260814T015934_20260814T015959_008985_011D4A_D5AF,89815707.94879723,3046633.6,False,,unchecked,False
2026-08-19,S1,S1C_IW_GRDH_1SDV_20260819T020747_20260819T020812_009058_011FAD_4C60,94837502.8908862,3461827.6923076925,False,,unchecked,True
2026-08-19,S2,20260819T185909_20260819T190755_T10TEL,85564967.319094,2758580.25,False,,unchecked,True
2026-08-31,S1,S1C_IW_GRDH_1SDV_20260831T020748_20260831T020813_009233_012587_FD3C,93068202.83939818,3212067.333333333,False,,unchecked,True
2026-08-31,S2,20260831T184921_20260831T185400_T10TEL,82843472.32636827,2690073.714285714,False,,unchecked,True
2026-09-13,S1,S1D_IW_GRDH_1SDV_20260913T015954_20260913T020027_004553_008786_DC23,86420890.83168274,2827483.833333333,False,7.746902175737793,accepted,False
2026-09-13,S2,20260913T190001_20260913T191127_T10TEL,80207309.06094004,2627786.4166666665,False,-1.043375538808747,accepted,False
2026-09-15,S2,20260915T184919_20260915T185451_T10TEL,79927108.60303141,2627786.4166666665,False,-1.3890758473186755,accepted,False
2026-09-18,S1,S1D_IW_GRDH_1SDV_20260918T020750_20260918T020815_004626_008A05_A8E6,88565072.8092421,2827483.833333333,False,9.84113253131848,accepted,False
2026-09-18,S2,20260918T185949_20260918T190715_T10TEL,79784217.24465755,2627786.4166666665,False,-4.211581446106803,accepted,False
2026-09-19,S1,S1C_IW_GRDH_1SDV_20260919T015935_20260919T020000_009510_012EC4_DBAC,81052996.19672829,2627786.4166666665,False,-2.1917570641025113,accepted,False
2026-09-23,S1,S1D_IW_GRDH_1SDV_20260923T141437_20260923T141502_004706_008CCE_8CBC,85531270.35480425,2751170.0,False,5.525118586864435,accepted,True
